Date,Month,Channel,Owner,Brand,Pack Size,Pack Type,SKU,Price Tier,Points,Sales Value,Distribution,Cost of Sales,Price,Gross Profit,Indirect Costs,Operating Profit,Unit Sales Monthly Change,Sales Value Monthly Change,Distribution Monthly Change,Cost of Sales Monthly Change,Price Monthly Change,Gross Profit Monthly Change,Indirect Costs Monthly Change,Operating Profit Monthly Change
01/07/2012,Jul-12,Kevin Kell  ,Aperture,Delta,12,Standard,Delta 12 Pack Standard,Budget,1829,103209,97.49,262.21,56.43,102946.79,96115.63,6831.16,-723,-30716,-1.03,-78.04,3.95,-30637.96,-28604.77,-2033.19
01/07/2012,Jul-12,Sam Ficke  ,Aperture,Eta,12,Standard,Eta 12 Pack Standard,Budget,659,31024,13.98,78.82,47.08,30945.18,28891.96,2053.22,-123,-3956,-1.68,-10.05,2.35,-3945.95,-3683.92,-262.03
01/07/2012,Jul-12,Robbie Goul  ,Aperture,Omicron,8,Standard,Omicron 8 Pack Standard,Regular,271,23738,27.45,60.31,87.59,23677.69,22106.9,1570.79,-45,-4019,-3.87,-10.21,-0.25,-4008.79,-3742.6,-266.19
01/07/2012,Jul-12,Larry Johnso  ,Aperture,Omicron,12,Deluxe,Omicron 12 Pack Deluxe,Regular,392,34194,39,86.87,87.23,34107.13,31843.91,2263.22,-59,-6020,-3.37,-15.3,-1.94,-6004.7,-5606.07,-398.63
01/07/2012,Jul-12,Collin Wagne  ,Aperture,Omicron,12,Giftset,Omicron 12 Pack Giftset,Regular,2129,196117,98.79,498.26,92.12,195618.74,182638.41,12980.33,97,7886,-0.02,20.04,-0.51,7865.96,7343.81,522.15
01/07/2012,Jul-12,Evan Royste  ,Aperture,Omicron,12,Standard,Omicron 12 Pack Standard,Regular,1481,109123,70.03,277.24,73.68,108845.76,101623.37,7222.39,-959,-70755,-9.56,-179.76,-0.04,-70575.24,-65892.12,-4683.12
01/07/2012,Jul-12,Saquon Barkle  ,Aperture,Omicron,18,Standard,Omicron 18 Pack Standard,Regular,11158,718866,99.44,1826.35,64.43,717039.65,669459.62,47580.03,-24420,-1381170,1.22,-3509.01,5.4,-1377660.99,-1286244.77,-91416.22
01/07/2012,Jul-12,Tony Hun  ,Aperture,Sigma,12,Giftset,Sigma 12 Pack Giftset,Premium,565,90248,76.12,229.28,159.73,90018.72,84045.23,5973.49,-152,-24050,-18.93,-61.11,0.32,-23988.89,-22397.46,-1591.43
01/07/2012,Jul-12,Tyler Davi  ,Aperture,Sigma,12,Standard,Sigma 12 Pack Standard,Premium,764,114218,94.79,290.18,149.5,113927.82,106368.38,7559.44,-308,-38887,-3.2,-98.8,6.68,-38788.2,-36213.99,-2574.21
01/07/2012,Jul-12,Michael Robinso  ,Aperture,Tau,12,Standard,Tau 12 Pack Standard,Regular,681,51037,94.37,129.67,74.94,50907.33,47529.5,3377.83,61,4881,-0.61,12.41,0.49,4868.59,4545.53,323.06
01/07/2012,Jul-12,Deon Butle  ,Black Mesa,Epsilon,12,Standard,Epsilon 12 Pack Standard,Budget,629,34296,43.77,87.13,54.52,34208.87,31938.9,2269.97,-15,-952,0.22,-2.42,-0.21,-949.58,-886.76,-62.82
01/07/2012,Jul-12,Derrick William  ,Black Mesa,Iota,12,Giftset,Iota 12 Pack Giftset,Regular,578,57491,96.03,146.06,99.47,57344.94,53539.56,3805.38,-35,-2711,0.52,-6.89,1.26,-2704.11,-2524.49,-179.62
01/07/2012,Jul-12,Daryll Clar  ,Black Mesa,Iota,12,Standard,Iota 12 Pack Standard,Regular,898,80965,96.44,205.7,90.16,80759.3,75400.61,5358.69,-158,-12686,-1.13,-32.23,1.48,-12653.77,-11813.93,-839.84
01/07/2012,Jul-12,Zach Zwina  ,Black Mesa,Lambda,8,Standard,Lambda 8 Pack Standard,Budget,993,60520,74.58,153.76,60.95,60366.24,56360.76,4005.48,17,1221,1.14,3.11,0.19,1217.89,1137.08,80.81
01/07/2012,Jul-12,Eric McCo,Black Mesa,Lambda,12,Standard,Lambda 12 Pack Standard,Budget,3274,185288,98.61,470.74,56.59,184817.26,172553.3,12263.96,-17,-999,0.22,-2.54,-0.01,-996.46,-930.35,-66.11
01/07/2012,Jul-12,Chris Godwi  ,Black Mesa,Mu,12,Standard,Mu 12 Pack Standard,Premium,146,22870,49.43,58.1,156.64,22811.9,21298.37,1513.53,11,1875,10.14,4.76,1.12,1870.24,1746.69,123.55
01/07/2012,Jul-12,Derek Moy  ,Black Mesa,Theta,6,Standard,Theta 6 Pack Standard,Regular,161,16386,17.22,41.63,101.78,16344.37,15259.82,1084.55,-41,-4163,-1.55,-10.58,0.05,-4152.42,-3877.26,-275.16
01/07/2012,Jul-12,Bill Belto  ,Black Mesa,Theta,8,Standard,Theta 8 Pack Standard,Regular,864,77675,86.17,197.34,89.9,77477.66,72336.91,5140.75,56,3090,-1.83,7.85,-2.41,3082.15,2878.19,203.96
01/07/2012,Jul-12,Austin Scot  ,Black Mesa,Theta,12,Deluxe,Theta 12 Pack Deluxe,Regular,771,66754,77.14,169.6,86.58,66584.4,62165.74,4418.66,-167,-14089,-2.43,-35.79,0.39,-14053.21,-13120.88,-932.33
01/07/2012,Jul-12,Allen Robinso  ,Black Mesa,Theta,12,Giftset,Theta 12 Pack Giftset,Regular,1909,176837,98.48,449.27,92.63,176387.73,164683.69,11704.04,-245,-22409,-0.86,-56.94,0.13,-22352.06,-20868.67,-1483.39
01/07/2012,Jul-12,Stephfon Gree  ,Black Mesa,Theta,12,Standard,Theta 12 Pack Standard,Regular,3197,248232,99.02,630.66,77.65,247601.34,231171.47,16429.87,-952,-67070,-0.62,-170.39,1.66,-66899.61,-62460.21,-4439.4
01/07/2012,Jul-12,Jordan Norwoo  ,Black Mesa,Theta,18,Standard,Theta 18 Pack Standard,Regular,43672,2625907,99.59,6671.39,60.13,2619235.61,2445433.43,173802.18,19182,1130443,0.18,2872.01,-0.93,1127570.99,1052749.95,74821.04
01/07/2012,Jul-12,Zack Mill  ,LexCorp,Gamma,12,Standard,Gamma 12 Pack Standard,Budget,1886,117717,97.24,299.07,62.42,117417.93,109626.52,7791.41,7,-1041,-1.77,-2.65,-0.78,-1038.35,-969.45,-68.9
01/07/2012,Jul-12,Rodney Kinla  ,MomCorp,Alpha,12,Standard,Alpha 12 Pack Standard,Regular,1200,97840,75.58,248.57,81.53,97591.43,91115.26,6476.17,266,19975,3.14,50.74,-1.84,19924.26,18601.78,1322.48
01/07/2012,Jul-12,Jesse Jame  ,MomCorp,Alpha,18,Standard,Alpha 18 Pack Standard,Regular,2279,169900,95.44,431.65,74.55,169468.35,158222.71,11245.64,448,32928,0.76,83.66,-0.26,32844.34,30664.37,2179.97
01/07/2012,Jul-12,Tony Johnso  ,Rekall,Beta,8,Standard,Beta 8 Pack Standard,Premium,1310,152160,97.67,386.58,116.15,151773.42,141702.32,10071.1,-145,-14020,-1.58,-35.62,1.94,-13984.38,-13056.61,-927.77
01/07/2012,Jul-12,Ryan Primant,Rekall,Beta,12,Deluxe,Beta 12 Pack Deluxe,Premium,370,44551,38.98,113.18,120.41,44437.82,41488.72,2949.1,-133,-15220,-3.07,-38.67,1.58,-15181.33,-14174.14,-1007.19
01/07/2012,Jul-12,Anthony Fer  ,Rekall,Beta,12,Giftset,Beta 12 Pack Giftset,Premium,2953,347113,97.36,881.87,117.55,346231.13,323256.18,22974.95,341,41479,0.48,105.37,0.54,41373.63,38627.86,2745.77
01/07/2012,Jul-12,Graham Zu  ,Rekall,Beta,12,Standard,Beta 12 Pack Standard,Premium,4436,468597,99.71,1190.52,105.64,467406.48,436391.19,31015.29,188,21725,-0.29,55.19,0.44,21669.81,20232.27,1437.54
01/07/2012,Jul-12,DaeSean Hamilto  ,Rekall,Beta,18,Standard,Beta 18 Pack Standard,Premium,5094,494312,97.54,1255.85,97.04,493056.15,460338.65,32717.5,-5453,-443543,0.4,-1126.87,8.12,-442416.13,-413059.48,-29356.65
01/07/2012,Jul-12,Silas Red  ,Rekall,Beta,60,Standard,Beta 60 Pack Standard,Premium,649,65927,30.08,167.5,101.58,65759.5,61395.77,4363.73,-28,-3272,-2.53,-8.31,-0.63,-3263.69,-3047.49,-216.2
01/07/2012,Jul-12,Bryant Johnso  ,Stark Ind,Omega,12,Standard,Omega 12 Pack Standard,Budget,434,27334,67.37,69.44,62.98,27264.56,25455.01,1809.55,-234,-14041,-6.42,-35.67,1.04,-14005.33,-13076.18,-929.15
01/07/2012,Jul-12,Michael Zordic  ,Tyrell Corp,Kappa,8,Standard,Kappa 8 Pack Standard,Regular,1077,83959,92.39,213.31,77.96,83745.69,78188.27,5557.42,-65,-5928,-4.43,-15.06,-0.75,-5912.94,-5520.59,-392.35
01/07/2012,Jul-12,Joey Juliu  ,Tyrell Corp,Kappa,12,Standard,Kappa 12 Pack Standard,Regular,3073,215267,98.74,546.91,70.05,214720.09,200472.45,14247.64,-2287,-143559,-1.17,-364.72,3.1,-143194.28,-133692.47,-9501.81
01/07/2012,Jul-12,Geno Lewi  ,Tyrell Corp,Kappa,18,Standard,Kappa 18 Pack Standard,Regular,4139,268940,93.9,683.27,64.98,268256.73,250456.61,17800.12,-560,-32004,-0.84,-81.31,0.94,-31922.69,-29803.86,-2118.83
01/07/2012,Jul-12,Andrew Quarles  ,Wayne Ent,Pi,12,Giftset,Pi 12 Pack Giftset,Regular,417,35679,65.23,90.65,85.56,35588.35,33226.85,2361.5,-14,-765,0.76,-1.94,1,-763.06,-712.42,-50.64
01/07/2012,Jul-12,Christian Hackenber  ,Aperture,Delta,12,Standard,Delta 12 Pack Standard,Budget,703,41428,19.82,105.25,58.93,41322.75,38580.35,2742.4,-390,-18684,-1.77,-47.47,3.93,-18636.53,-17400.44,-1236.09
01/07/2012,Jul-12,Chaz Powel  ,Aperture,Eta,12,Standard,Eta 12 Pack Standard,Budget,514,24212,4.11,61.51,47.11,24150.49,22547.77,1602.72,-114,-3939,-0.07,-10.01,2.28,-3928.99,-3668.28,-260.71
01/07/2012,Jul-12,Trace McSorle  ,Aperture,Omicron,8,Standard,Omicron 8 Pack Standard,Regular,3603,247638,21.12,629.15,68.73,247008.85,230618.29,16390.56,1219,61353,1.41,155.88,-9.41,61197.12,57136.31,4060.81
01/07/2012,Jul-12,Akeel Lync  ,Aperture,Omicron,12,Deluxe,Omicron 12 Pack Deluxe,Regular,364,34586,9.33,87.87,95.02,34498.13,32209.34,2288.79,-93,-9765,-0.84,-24.81,-2.03,-9740.19,-9093.87,-646.32
01/07/2012,Jul-12,Matt McGloi  ,Aperture,Omicron,12,Giftset,Omicron 12 Pack Giftset,Regular,2015,196635,37.95,499.57,97.59,196135.43,183120.62,13014.81,-204,-19577,2.83,-49.74,0.15,-19527.26,-18231.34,-1295.92
01/07/2012,Jul-12,Brett Bracket  ,Aperture,Omicron,12,Standard,Omicron 12 Pack Standard,Regular,4990,367280,35.4,933.11,73.6,366346.89,342037.31,24309.58,321,15811,2.22,40.17,-1.68,15770.83,14723.95,1046.88
01/07/2012,Jul-12,Sean McHug  ,Aperture,Omicron,18,Standard,Omicron 18 Pack Standard,Regular,9221,616960,45.61,1567.45,66.91,615392.55,574557.07,40835.48,-16518,-922309,5.09,-2343.22,7.11,-919965.78,-858920.56,-61045.22
01/07/2012,Jul-12,Mike Gesick  ,Aperture,Sigma,12,Giftset,Sigma 12 Pack Giftset,Premium,491,78172,14.38,198.61,159.21,77973.39,72799,5174.39,21,-259,-2.5,-0.66,-7.66,-258.34,-241.95,-16.39
01/07/2012,Jul-12,Andre Robinso  ,Aperture,Sigma,12,Standard,Sigma 12 Pack Standard,Premium,815,128165,26.05,325.62,157.26,127839.38,119356.82,8482.56,-254,-35910,-2.55,-91.23,3.78,-35818.77,-33441.98,-2376.79
01/07/2012,Jul-12,Rashard Case,Aperture,Tau,12,Standard,Tau 12 Pack Standard,Regular,293,23636,13.93,60.05,80.67,23575.95,22011.92,1564.03,-5,-1051,-0.61,-2.67,-2.17,-1048.33,-978.39,-69.94
01/07/2012,Jul-12,Terrell Golde  ,Black Mesa,Epsilon,12,Standard,Epsilon 12 Pack Standard,Budget,376,21185,5.7,53.83,56.34,21131.17,19729.36,1401.81,-19,-1415,-0.37,-3.59,-0.88,-1411.41,-1317.57,-93.84
01/07/2012,Jul-12,Saeed Blacknal  ,Black Mesa,Iota,12,Giftset,Iota 12 Pack Giftset,Regular,310,31607,13.58,80.3,101.96,31526.7,29434.52,2092.18,-17,-1508,-0.25,-3.83,0.69,-1504.17,-1404.17,-100
01/07/2012,Jul-12,Mike Luka  ,Black Mesa,Iota,12,Standard,Iota 12 Pack Standard,Regular,1172,108172,35.09,274.82,92.3,107897.18,100737.72,7159.46,-8,170,3.57,0.43,0.77,169.57,158.12,11.45
01/07/2012,Jul-12,Kyle Carte  ,Black Mesa,Lambda,8,Standard,Lambda 8 Pack Standard,Budget,494,32150,12.23,81.68,65.08,32068.32,29940.2,2128.12,-42,-3159,0.02,-8.03,-0.8,-3150.97,-2941.89,-209.08
01/07/2012,Jul-12,Mark Alle  ,Black Mesa,Lambda,12,Standard,Lambda 12 Pack Standard,Budget,2021,120127,27.18,305.2,59.44,119821.8,111870.51,7951.29,37,2847,1.41,7.24,0.33,2839.76,2651.32,188.44
01/07/2012,Jul-12,Mickey Shule  ,Black Mesa,Mu,12,Standard,Mu 12 Pack Standard,Premium,311,50530,11.38,128.38,162.48,50401.62,47057.35,3344.27,-135,-19989,0,-50.78,4.37,-19938.22,-18614.64,-1323.58
01/07/2012,Jul-12,Matt Hah  ,Black Mesa,Theta,6,Standard,Theta 6 Pack Standard,Regular,231,24061,5.89,61.13,104.16,23999.87,22406.96,1592.91,-10,-984,-1.06,-2.5,0.24,-981.5,-916.37,-65.13
01/07/2012,Jul-12,Joe Suhe  ,Black Mesa,Theta,8,Standard,Theta 8 Pack Standard,Regular,1378,131735,27.85,334.69,95.6,131400.31,122681.47,8718.84,-353,-29281,0.24,-74.39,2.58,-29206.61,-27268.19,-1938.42
01/07/2012,Jul-12,Matt Sennec,Black Mesa,Theta,12,Deluxe,Theta 12 Pack Deluxe,Regular,308,28127,10.72,71.46,91.32,28055.54,26193.7,1861.84,-23,-1697,0.53,-4.31,1.22,-1692.69,-1580.18,-112.51
01/07/2012,Jul-12,Brandon Felde  ,Black Mesa,Theta,12,Giftset,Theta 12 Pack Giftset,Regular,1434,137006,23.01,348.08,95.54,136657.92,127589.63,9068.29,-203,-20151,0.06,-51.2,-0.46,-20099.8,-18766.62,-1333.18
01/07/2012,Jul-12,Ethan Kilme  ,Black Mesa,Theta,12,Standard,Theta 12 Pack Standard,Regular,6425,519875,48.98,1320.8,80.91,518554.2,484144.73,34409.47,-609,-38472,4.83,-97.74,1.53,-38374.26,-35827.91,-2546.35
01/07/2012,Jul-12,Matt Lehma,Black Mesa,Theta,18,Standard,Theta 18 Pack Standard,Regular,33726,2035202,46.18,5170.64,60.35,2030031.36,1895325.99,134705.37,12392,720012,4.86,1829.26,-1.3,718182.74,670526.27,47656.47
01/07/2012,Jul-12,Adam Brenema  ,LexCorp,Gamma,12,Standard,Gamma 12 Pack Standard,Budget,779,55937,24.81,142.12,71.81,55794.88,52092.92,3701.96,-309,-20729,-0.62,-52.66,1.34,-20676.34,-19304.15,-1372.19
01/07/2012,Jul-12,Kevin Newsom  ,MomCorp,Alpha,12,Standard,Alpha 12 Pack Standard,Regular,3542,267498,43.18,679.61,75.52,266818.39,249113.35,17705.04,-3103,-227334,0.13,-577.56,1.05,-226756.44,-211709.74,-15046.7
01/07/2012,Jul-12,Isaac Smolk  ,MomCorp,Alpha,18,Standard,Alpha 18 Pack Standard,Regular,461,37048,11.03,94.12,80.36,36953.88,34501.94,2451.94,20,3222,0.36,8.18,3.66,3213.82,3000.55,213.27
01/07/2012,Jul-12,Ricky Upto  ,Rekall,Beta,8,Standard,Beta 8 Pack Standard,Premium,874,107461,17.11,273.01,122.95,107187.99,100075.04,7112.95,-619,-64412,-16.27,-163.65,7.83,-64248.35,-59985.44,-4262.91
01/07/2012,Jul-12,Paul Jefferso  ,Rekall,Beta,12,Deluxe,Beta 12 Pack Deluxe,Premium,209,26538,4.45,67.42,126.98,26470.58,24714.09,1756.49,-47,-5838,-0.17,-14.83,0.51,-5823.17,-5436.77,-386.4
01/07/2012,Jul-12,Brandon Sno  ,Rekall,Beta,12,Giftset,Beta 12 Pack Giftset,Premium,1715,218334,22.93,554.7,127.31,217779.3,203328.3,14451,-53,-5077,1.31,-12.9,0.95,-5064.1,-4727.69,-336.41
01/07/2012,Jul-12,Devon Smit  ,Rekall,Beta,12,Standard,Beta 12 Pack Standard,Premium,4925,551419,46.49,1400.93,111.96,550018.07,513520.59,36497.48,-693,-57215,5.24,-145.37,3.62,-57069.63,-53283.11,-3786.52
01/07/2012,Jul-12,Dan Lawlo  ,Rekall,Beta,18,Standard,Beta 18 Pack Standard,Premium,2906,301954,28.26,767.14,103.91,301186.86,281200.88,19985.98,-2804,-228739,0.51,-581.14,10.97,-228157.86,-213018.91,-15138.95
01/07/2012,Jul-12,Justin Brow  ,Rekall,Beta,60,Standard,Beta 60 Pack Standard,Premium,149,19033,2.64,48.35,127.74,18984.65,17725.09,1259.56,-54,-7084,-0.41,-18,-0.92,-7066,-6596.75,-469.25
01/07/2012,Jul-12,David Kimbal  ,Stark Ind,Omega,12,Standard,Omega 12 Pack Standard,Budget,1183,76976,25.08,195.56,65.07,76780.44,71685.95,5094.49,-285,-16060,1.37,-40.81,1.69,-16019.19,-14955.85,-1063.34
01/07/2012,Jul-12,Tony Stewar,Tyrell Corp,Kappa,8,Standard,Kappa 8 Pack Standard,Regular,17742,1077680,47.5,2737.96,60.74,1074942.04,1003613.39,71328.65,-21129,-1258454,-6.21,-3197.23,0.64,-1255256.77,-1171961.92,-83294.85
01/07/2012,Jul-12,Miles Sander,Tyrell Corp,Kappa,12,Standard,Kappa 12 Pack Standard,Regular,4583,339267,39.24,861.94,74.03,338405.06,315949.78,22455.28,-878,-65460,3.31,-166.31,-0.08,-65293.69,-60961.05,-4332.64
01/07/2012,Jul-12,Kenny Watso,Tyrell Corp,Kappa,18,Standard,Kappa 18 Pack Standard,Regular,1084,81008,21.23,205.81,74.73,80802.19,75440.28,5361.91,-178,-9689,-1.08,-24.61,2.86,-9664.39,-9023.47,-640.92
01/07/2012,Jul-12,Rich Gardne  ,Wayne Ent,Pi,12,Giftset,Pi 12 Pack Giftset,Regular,964,60589,10.96,153.93,62.85,60435.07,56424.46,4010.61,504,22852,1.51,58.06,-19.19,22793.94,21281.06,1512.88
01/08/2012,Aug-12,Justin Kin  ,Aperture,Delta,12,Standard,Delta 12 Pack Standard,Budget,2753,147526,98.2,374.8,53.59,147151.2,137386.44,9764.76,924,44317,0.71,112.59,-2.84,44204.41,41270.81,2933.6
01/08/2012,Aug-12,John Gilmor,Aperture,Eta,12,Standard,Eta 12 Pack Standard,Budget,715,32032,15.02,81.38,44.8,31950.62,29830.68,2119.94,56,1008,1.04,2.56,-2.28,1005.44,938.72,66.72
01/08/2012,Aug-12,Brandon Pol  ,Aperture,Omicron,8,Standard,Omicron 8 Pack Standard,Regular,373,32646,30.32,82.94,87.52,32563.06,30402.3,2160.76,102,8908,2.87,22.63,-0.07,8885.37,8295.4,589.97
01/08/2012,Aug-12,Omar Eas,Aperture,Omicron,12,Deluxe,Omicron 12 Pack Deluxe,Regular,352,30732,43.92,78.08,87.31,30653.92,28619.84,2034.08,-40,-3462,4.92,-8.79,0.08,-3453.21,-3224.07,-229.14
01/08/2012,Aug-12,A.J. Wallac  ,Aperture,Omicron,12,Giftset,Omicron 12 Pack Giftset,Regular,1580,150395,99.24,382.09,95.19,150012.91,140058.44,9954.47,-549,-45722,0.45,-116.17,3.07,-45605.83,-42579.97,-3025.86
01/08/2012,Aug-12,DeAndre Thompkin  ,Aperture,Omicron,12,Standard,Omicron 12 Pack Standard,Regular,1979,141359,68.69,359.14,71.43,140999.86,131644.03,9355.83,498,32236,-1.34,81.9,-2.25,32154.1,30020.66,2133.44
01/08/2012,Aug-12,Brandon Beachu  ,Aperture,Omicron,18,Standard,Omicron 18 Pack Standard,Regular,20721,1284181,99.36,3262.6,61.97,1280918.4,1195921.22,84997.18,9563,565315,-0.08,1436.25,-2.46,563878.75,526461.6,37417.15
01/08/2012,Aug-12,Terrance Phillip,Aperture,Sigma,12,Giftset,Sigma 12 Pack Giftset,Premium,443,74282,95.49,188.72,167.68,74093.28,69177.1,4916.18,-122,-15966,19.37,-40.56,7.95,-15925.44,-14868.13,-1057.31
01/08/2012,Aug-12,Mike Gasparat  ,Aperture,Sigma,12,Standard,Sigma 12 Pack Standard,Premium,773,116813,97.48,296.78,151.12,116516.22,108785.03,7731.19,9,2595,2.69,6.6,1.62,2588.4,2416.65,171.75
01/08/2012,Aug-12,Casey William  ,Aperture,Tau,12,Standard,Tau 12 Pack Standard,Regular,705,52373,96.07,133.06,74.29,52239.94,48773.32,3466.62,24,1336,1.7,3.39,-0.65,1332.61,1243.82,88.79
01/08/2012,Aug-12,Pat Devli  ,Black Mesa,Epsilon,12,Standard,Epsilon 12 Pack Standard,Budget,536,29092,45.44,73.91,54.28,29018.09,27092.74,1925.35,-93,-5204,1.67,-13.22,-0.24,-5190.78,-4846.16,-344.62
01/08/2012,Aug-12,Patrick Hal  ,Black Mesa,Iota,12,Giftset,Iota 12 Pack Giftset,Regular,527,52631,95.43,133.72,99.87,52497.28,49014.14,3483.14,-51,-4860,-0.6,-12.34,0.4,-4847.66,-4525.42,-322.24
01/08/2012,Aug-12,Tony Davi  ,Black Mesa,Iota,12,Standard,Iota 12 Pack Standard,Regular,781,70137,94.87,178.19,89.8,69958.81,65316.61,4642.2,-117,-10828,-1.57,-27.51,-0.36,-10800.49,-10084,-716.49
01/08/2012,Aug-12,Tommy Steven  ,Black Mesa,Lambda,8,Standard,Lambda 8 Pack Standard,Budget,913,55709,72.8,141.53,61.02,55567.47,51880.03,3687.44,-80,-4811,-1.78,-12.23,0.07,-4798.77,-4480.73,-318.04
01/08/2012,Aug-12,Evan Lewi  ,Black Mesa,Lambda,12,Standard,Lambda 12 Pack Standard,Budget,2819,161078,98.41,409.24,57.14,160668.76,150007.21,10661.55,-455,-24210,-0.2,-61.5,0.55,-24148.5,-22546.09,-1602.41
01/08/2012,Aug-12,Nolan McCread  ,Black Mesa,Mu,12,Standard,Mu 12 Pack Standard,Premium,203,32229,63.22,81.88,158.76,32147.12,30013.96,2133.16,57,9359,13.79,23.78,2.12,9335.22,8715.59,619.63
01/08/2012,Aug-12,Nick Scot  ,Black Mesa,Theta,6,Standard,Theta 6 Pack Standard,Regular,175,17762,18.59,45.13,101.5,17716.87,16541.62,1175.25,14,1376,1.37,3.5,-0.28,1372.5,1281.8,90.7
01/08/2012,Aug-12,R.J. Luk,Black Mesa,Theta,8,Standard,Theta 8 Pack Standard,Regular,893,81222,81.81,206.35,90.95,81015.65,75639.76,5375.89,29,3547,-4.36,9.01,1.05,3537.99,3302.85,235.14
01/08/2012,Aug-12,Andrew Guma,Black Mesa,Theta,12,Deluxe,Theta 12 Pack Deluxe,Regular,718,61753,76.79,156.89,86.01,61596.11,57508.46,4087.65,-53,-5001,-0.35,-12.71,-0.57,-4988.29,-4657.28,-331.01
01/08/2012,Aug-12,Nate Cadoga  ,Black Mesa,Theta,12,Giftset,Theta 12 Pack Giftset,Regular,1879,172804,98.7,439.03,91.97,172364.97,160927.67,11437.3,-30,-4033,0.22,-10.24,-0.66,-4022.76,-3756.02,-266.74
01/08/2012,Aug-12,Shamar Finne,Black Mesa,Theta,12,Standard,Theta 12 Pack Standard,Regular,5162,394982,99.9,1003.49,76.52,393978.51,367835.41,26143.1,1965,146750,0.88,372.83,-1.13,146377.17,136663.94,9713.23
01/08/2012,Aug-12,Paul Posluszn  ,Black Mesa,Theta,18,Standard,Theta 18 Pack Standard,Regular,17646,1141337,99.95,2899.69,64.68,1138437.31,1062895.34,75541.97,-26026,-1484570,0.36,-3771.7,4.55,-1480798.3,-1382538.09,-98260.21
01/08/2012,Aug-12,Ryan Scot,LexCorp,Gamma,12,Standard,Gamma 12 Pack Standard,Budget,1541,99739,96.71,253.4,64.72,99485.6,92884.3,6601.3,-345,-17978,-0.53,-45.67,2.3,-17932.33,-16742.22,-1190.11
01/08/2012,Aug-12,Shane McGrego  ,MomCorp,Alpha,12,Standard,Alpha 12 Pack Standard,Regular,942,79199,75.45,201.22,84.08,78997.78,73756.16,5241.62,-258,-18641,-0.13,-47.35,2.55,-18593.65,-17359.1,-1234.55
01/08/2012,Aug-12,Rob Bolde  ,MomCorp,Alpha,18,Standard,Alpha 18 Pack Standard,Regular,2165,159641,95.32,405.58,73.74,159235.42,148668.98,10566.44,-114,-10259,-0.12,-26.07,-0.81,-10232.93,-9553.73,-679.2
01/08/2012,Aug-12,John Bronso,Rekall,Beta,8,Standard,Beta 8 Pack Standard,Premium,1136,132190,98.17,335.84,116.36,131854.16,123105.01,8749.15,-174,-19970,0.5,-50.74,0.21,-19919.26,-18597.31,-1321.95
01/08/2012,Aug-12,Alan Zemaiti  ,Rekall,Beta,12,Deluxe,Beta 12 Pack Deluxe,Premium,99,11883,27.14,30.19,120.03,11852.81,11066.3,786.51,-271,-32668,-11.84,-82.99,-0.38,-32585.01,-30422.42,-2162.59
01/08/2012,Aug-12,Chris Gante  ,Rekall,Beta,12,Giftset,Beta 12 Pack Giftset,Premium,2864,332252,97.16,844.12,116.01,331407.88,309417.3,21990.58,-89,-14861,-0.2,-37.75,-1.54,-14823.25,-13838.88,-984.37
01/08/2012,Aug-12,Steve Delic,Rekall,Beta,12,Standard,Beta 12 Pack Standard,Premium,11270,1096422,99.96,2785.57,97.29,1093636.43,1021066.9,72569.53,6834,627825,0.25,1595.05,-8.35,626229.95,584675.71,41554.24
01/08/2012,Aug-12,Paul Croni  ,Rekall,Beta,18,Standard,Beta 18 Pack Standard,Premium,5411,510621,97.55,1297.28,94.37,509323.72,475526.94,33796.78,317,16309,0.01,41.43,-2.67,16267.57,15188.29,1079.28
01/08/2012,Aug-12,Maurice Humphre,Rekall,Beta,60,Standard,Beta 60 Pack Standard,Premium,672,68729,33.37,174.61,102.28,68554.39,64005.19,4549.2,23,2802,3.29,7.11,0.7,2794.89,2609.42,185.47
01/08/2012,Aug-12,Brent Wilkerso  ,Stark Ind,Omega,12,Standard,Omega 12 Pack Standard,Budget,351,22123,55.41,56.21,63.03,22066.79,20602.71,1464.08,-83,-5211,-11.96,-13.23,0.05,-5197.77,-4852.3,-345.47
01/08/2012,Aug-12,Mick Blosse,Tyrell Corp,Kappa,8,Standard,Kappa 8 Pack Standard,Regular,1147,87306,86.14,221.81,76.12,87084.19,81305.62,5778.57,70,3347,-6.25,8.5,-1.84,3338.5,3117.35,221.15
01/08/2012,Aug-12,Dan Conno  ,Tyrell Corp,Kappa,12,Standard,Kappa 12 Pack Standard,Regular,3502,245422,99.86,623.52,70.08,244798.48,228554.21,16244.27,429,30155,1.12,76.61,0.03,30078.39,28081.76,1996.63
01/08/2012,Aug-12,Anthony Morell  ,Tyrell Corp,Kappa,18,Standard,Kappa 18 Pack Standard,Regular,5737,352992,94.79,896.81,61.53,352095.19,328731.5,23363.69,1598,84052,0.89,213.54,-3.45,83838.46,78274.89,5563.57
01/08/2012,Aug-12,Kevin Darlin  ,Wayne Ent,Pi,12,Giftset,Pi 12 Pack Giftset,Regular,488,39853,63.46,101.25,81.67,39751.75,37114.16,2637.59,71,4174,-1.77,10.6,-3.89,4163.4,3887.31,276.09
01/08/2012,Aug-12,Amani Oruwariy  ,Aperture,Delta,12,Standard,Delta 12 Pack Standard,Budget,921,52324,16.39,132.94,56.81,52191.06,48727.49,3463.57,218,10896,-3.43,27.69,-2.12,10868.31,10147.14,721.17
01/08/2012,Aug-12,Matt Kranchic  ,Aperture,Eta,12,Standard,Eta 12 Pack Standard,Budget,589,26384,3.13,67.03,44.79,26316.97,24570.49,1746.48,75,2172,-0.98,5.52,-2.32,2166.48,2022.72,143.76
01/08/2012,Aug-12,Navorro Bowma  ,Aperture,Omicron,8,Standard,Omicron 8 Pack Standard,Regular,35723,2169229,57.47,5511.15,60.72,2163717.85,2020141.36,143576.49,32120,1921591,36.35,4882,-8.01,1916709,1789523.07,127185.93
01/08/2012,Aug-12,Gerald Smit  ,Aperture,Omicron,12,Deluxe,Omicron 12 Pack Deluxe,Regular,273,25640,6.7,65.14,93.92,25574.86,23878.18,1696.68,-91,-8946,-2.63,-22.73,-1.1,-8923.27,-8331.16,-592.11
01/08/2012,Aug-12,Yaacov Yisrae,Aperture,Omicron,12,Giftset,Omicron 12 Pack Giftset,Regular,1739,170984,25.87,434.4,98.32,170549.6,159232.39,11317.21,-276,-25651,-12.08,-65.17,0.73,-25585.83,-23888.23,-1697.6
01/08/2012,Aug-12,Bruce Branc,Aperture,Omicron,12,Standard,Omicron 12 Pack Standard,Regular,4748,360557,24.98,916.03,75.94,359640.97,335776.38,23864.59,-242,-6723,-10.42,-17.08,2.34,-6705.92,-6260.93,-444.99
01/08/2012,Aug-12,Curtis Drak  ,Aperture,Omicron,18,Standard,Omicron 18 Pack Standard,Regular,14830,950486,31.89,2414.81,64.09,948071.19,885160.67,62910.52,5609,333526,-13.72,847.36,-2.82,332678.64,310603.6,22075.04
01/08/2012,Aug-12,Curtis Duke  ,Aperture,Sigma,12,Giftset,Sigma 12 Pack Giftset,Premium,319,54821,12.03,139.28,171.85,54681.72,51053.63,3628.09,-172,-23351,-2.35,-59.33,12.64,-23291.67,-21745.37,-1546.3
01/08/2012,Aug-12,Michael Yancic  ,Aperture,Sigma,12,Standard,Sigma 12 Pack Standard,Premium,917,144619,23.02,367.42,157.71,144251.58,134679.79,9571.79,102,16454,-3.03,41.8,0.45,16412.2,15322.97,1089.23
01/08/2012,Aug-12,Anthony Scirrott  ,Aperture,Tau,12,Standard,Tau 12 Pack Standard,Regular,353,28318,11.24,71.95,80.22,28246.05,26371.38,1874.67,60,4682,-2.69,11.9,-0.45,4670.1,4359.46,310.64
01/08/2012,Aug-12,Brent Carte  ,Black Mesa,Epsilon,12,Standard,Epsilon 12 Pack Standard,Budget,494,28130,5.74,71.47,56.94,28058.53,26197.05,1861.48,118,6945,0.04,17.64,0.6,6927.36,6467.69,459.67
01/08/2012,Aug-12,James Van Flee  ,Black Mesa,Iota,12,Giftset,Iota 12 Pack Giftset,Regular,281,27832,10.84,70.71,99.05,27761.29,25919.35,1841.94,-29,-3775,-2.74,-9.59,-2.91,-3765.41,-3515.17,-250.24
01/08/2012,Aug-12,Kevin Haple  ,Black Mesa,Iota,12,Standard,Iota 12 Pack Standard,Regular,1207,110005,24.95,279.48,91.14,109725.52,102444.19,7281.33,35,1833,-10.14,4.66,-1.16,1828.34,1706.47,121.87
01/08/2012,Aug-12,Irvin Charle  ,Black Mesa,Lambda,8,Standard,Lambda 8 Pack Standard,Budget,467,30280,10.83,76.93,64.84,30203.07,28199.09,2003.98,-27,-1870,-1.4,-4.75,-0.24,-1865.25,-1741.11,-124.14
01/08/2012,Aug-12,Tim Sha  ,Black Mesa,Lambda,12,Standard,Lambda 12 Pack Standard,Budget,2021,120127,20.27,305.2,59.44,119821.8,111871.07,7950.73,0,0,-6.91,0,0,0,0.56,-0.56
01/08/2012,Aug-12,Jared Odric  ,Black Mesa,Mu,12,Standard,Mu 12 Pack Standard,Premium,471,74576,12.48,189.47,158.34,74386.53,69450.9,4935.63,160,24046,1.1,61.09,-4.14,23984.91,22393.55,1591.36
01/08/2012,Aug-12,David Soldne  ,Black Mesa,Theta,6,Standard,Theta 6 Pack Standard,Regular,192,19893,5.33,50.54,103.61,19842.46,18525.79,1316.67,-39,-4168,-0.56,-10.59,-0.55,-4157.41,-3881.17,-276.24
01/08/2012,Aug-12,Kevin Kell  ,Black Mesa,Theta,8,Standard,Theta 8 Pack Standard,Regular,1407,133148,21.54,338.28,94.63,132809.72,123997.36,8812.36,29,1413,-6.31,3.59,-0.97,1409.41,1315.89,93.52
01/08/2012,Aug-12,Sam Ficke  ,Black Mesa,Theta,12,Deluxe,Theta 12 Pack Deluxe,Regular,311,27550,7.86,70,88.59,27480,25656.72,1823.28,3,-577,-2.86,-1.46,-2.73,-575.54,-536.98,-38.56
01/08/2012,Aug-12,Robbie Goul  ,Black Mesa,Theta,12,Giftset,Theta 12 Pack Giftset,Regular,1480,142924,18.77,363.11,96.57,142560.89,133101.28,9459.61,46,5918,-4.24,15.03,1.03,5902.97,5511.65,391.32
01/08/2012,Aug-12,Larry Johnso  ,Black Mesa,Theta,12,Standard,Theta 12 Pack Standard,Regular,7658,613423,34.98,1558.46,80.1,611864.54,571263.72,40600.82,1233,93548,-14,237.66,-0.81,93310.34,87118.99,6191.35
01/08/2012,Aug-12,Collin Wagne  ,Black Mesa,Theta,18,Standard,Theta 18 Pack Standard,Regular,11448,752502,30.04,1911.81,65.73,750590.19,700783.9,49806.29,-22278,-1282700,-16.14,-3258.83,5.38,-1279441.17,-1194542.09,-84899.08
01/08/2012,Aug-12,Evan Royste  ,LexCorp,Gamma,12,Standard,Gamma 12 Pack Standard,Budget,870,61748,18.37,156.88,70.97,61591.12,57504.55,4086.57,91,5811,-6.44,14.76,-0.84,5796.24,5411.63,384.61
01/08/2012,Aug-12,Saquon Barkle  ,MomCorp,Alpha,12,Standard,Alpha 12 Pack Standard,Regular,3313,253924,26.49,645.12,76.64,253278.88,236472.46,16806.42,-229,-13574,-16.69,-34.49,1.12,-13539.51,-12640.89,-898.62
01/08/2012,Aug-12,Tony Hun  ,MomCorp,Alpha,18,Standard,Alpha 18 Pack Standard,Regular,332,27818,7.89,70.67,83.79,27747.33,25905.93,1841.4,-129,-9230,-3.14,-23.45,3.43,-9206.55,-8596.01,-610.54
01/08/2012,Aug-12,Tyler Davi  ,Rekall,Beta,8,Standard,Beta 8 Pack Standard,Premium,941,115160,14.89,292.58,122.38,114867.42,107245.63,7621.79,67,7699,-2.22,19.57,-0.57,7679.43,7170.59,508.84
01/08/2012,Aug-12,Michael Robinso  ,Rekall,Beta,12,Deluxe,Beta 12 Pack Deluxe,Premium,94,12069,2.28,30.66,128.39,12038.34,11239.52,798.82,-115,-14469,-2.17,-36.76,1.41,-14432.24,-13474.57,-957.67
01/08/2012,Aug-12,Deon Butle  ,Rekall,Beta,12,Giftset,Beta 12 Pack Giftset,Premium,1628,202582,17.26,514.68,124.44,202067.32,188659.09,13408.23,-87,-15752,-5.67,-40.02,-2.87,-15711.98,-14669.21,-1042.77
01/08/2012,Aug-12,Derrick William  ,Rekall,Beta,12,Standard,Beta 12 Pack Standard,Premium,9459,960724,32.94,2440.82,101.57,958283.18,894694.83,63588.35,4534,409305,-13.55,1039.89,-10.39,408265.11,381174.24,27090.87
01/08/2012,Aug-12,Daryll Clar  ,Rekall,Beta,18,Standard,Beta 18 Pack Standard,Premium,2768,285903,20.73,726.37,103.29,285176.63,266253.41,18923.22,-138,-16051,-7.53,-40.77,-0.62,-16010.23,-14947.47,-1062.76
01/08/2012,Aug-12,Zach Zwina  ,Rekall,Beta,60,Standard,Beta 60 Pack Standard,Premium,186,24120,2.69,61.28,129.68,24058.72,22462.28,1596.44,37,5087,0.05,12.93,1.94,5074.07,4737.19,336.88
01/08/2012,Aug-12,Eric McCo,Stark Ind,Omega,12,Standard,Omega 12 Pack Standard,Budget,1045,67211,16.5,170.76,64.32,67040.24,62592.08,4448.16,-138,-9765,-8.58,-24.8,-0.75,-9740.2,-9093.87,-646.33
01/08/2012,Aug-12,Chris Godwi  ,Tyrell Corp,Kappa,8,Standard,Kappa 8 Pack Standard,Regular,28787,1727512,68.77,4388.92,60.01,1723123.08,1608783.41,114339.67,11045,649832,21.27,1650.96,-0.73,648181.04,605170.02,43011.02
01/08/2012,Aug-12,Derek Moy  ,Tyrell Corp,Kappa,12,Standard,Kappa 12 Pack Standard,Regular,4813,357335,28.44,907.85,74.24,356427.15,332776.39,23650.76,230,18068,-10.8,45.91,0.21,18022.09,16826.61,1195.48
01/08/2012,Aug-12,Bill Belto  ,Tyrell Corp,Kappa,18,Standard,Kappa 18 Pack Standard,Regular,1828,120605,17.85,306.41,65.98,120298.59,112316.42,7982.17,744,39597,-3.38,100.6,-8.75,39496.4,36876.14,2620.26
01/08/2012,Aug-12,Austin Scot  ,Wayne Ent,Pi,12,Giftset,Pi 12 Pack Giftset,Regular,298,21544,5.83,54.73,72.3,21489.27,20062.95,1426.32,-666,-39045,-5.13,-99.2,9.45,-38945.8,-36361.51,-2584.29
01/09/2012,Sep-12,Allen Robinso  ,Aperture,Delta,12,Standard,Delta 12 Pack Standard,Budget,1579,89416,95.92,227.17,56.63,89188.83,83270.78,5918.05,-1174,-58110,-2.28,-147.63,3.04,-57962.37,-54115.66,-3846.71
01/09/2012,Sep-12,Stephfon Gree  ,Aperture,Eta,12,Standard,Eta 12 Pack Standard,Budget,1062,43790,17.86,111.25,41.23,43678.75,40780.76,2897.99,347,11758,2.84,29.87,-3.57,11728.13,10950.08,778.05
01/09/2012,Sep-12,Jordan Norwoo  ,Aperture,Omicron,8,Standard,Omicron 8 Pack Standard,Regular,358,30299,28.75,76.98,84.63,30222.02,28216.97,2005.05,-15,-2347,-1.57,-5.96,-2.89,-2341.04,-2185.33,-155.71
01/09/2012,Sep-12,Zack Mill  ,Aperture,Omicron,12,Deluxe,Omicron 12 Pack Deluxe,Regular,322,27751,42.19,70.51,86.18,27680.49,25843.91,1836.58,-30,-2981,-1.73,-7.57,-1.13,-2973.43,-2775.93,-197.5
01/09/2012,Sep-12,Rodney Kinla  ,Aperture,Omicron,12,Giftset,Omicron 12 Pack Giftset,Regular,2108,196340,98.93,498.82,93.14,195841.18,182846.28,12994.9,528,45945,-0.31,116.73,-2.05,45828.27,42787.84,3040.43
01/09/2012,Sep-12,Jesse Jame  ,Aperture,Omicron,12,Standard,Omicron 12 Pack Standard,Regular,2488,180821,84.07,459.4,72.68,180361.6,168393.87,11967.73,509,39462,15.38,100.26,1.25,39361.74,36749.84,2611.9
01/09/2012,Sep-12,Tony Johnso  ,Aperture,Omicron,18,Standard,Omicron 18 Pack Standard,Regular,33902,2034293,99.37,5168.33,60.01,2029124.67,1894479.53,134645.14,13181,750112,0.01,1905.73,-1.96,748206.27,698558.31,49647.96
01/09/2012,Sep-12,Ryan Primant,Aperture,Sigma,12,Giftset,Sigma 12 Pack Giftset,Premium,507,86072,93.09,218.68,169.77,85853.32,80156.24,5697.08,64,11790,-2.4,29.96,2.09,11760.04,10979.14,780.9
01/09/2012,Sep-12,Anthony Fer  ,Aperture,Sigma,12,Standard,Sigma 12 Pack Standard,Premium,956,142038,96.09,360.86,148.58,141677.14,132275.98,9401.16,183,25225,-1.39,64.08,-2.54,25160.92,23490.95,1669.97
01/09/2012,Sep-12,Graham Zu  ,Aperture,Tau,12,Standard,Tau 12 Pack Standard,Regular,565,43508,91.45,110.54,77.01,43397.46,40518.14,2879.32,-140,-8865,-4.62,-22.52,2.72,-8842.48,-8255.18,-587.3
01/09/2012,Sep-12,DaeSean Hamilto  ,Black Mesa,Epsilon,12,Standard,Epsilon 12 Pack Standard,Budget,549,29822,43.01,75.77,54.32,29746.23,27772.2,1974.03,13,730,-2.43,1.86,0.04,728.14,679.46,48.68
01/09/2012,Sep-12,Silas Red  ,Black Mesa,Iota,12,Giftset,Iota 12 Pack Giftset,Regular,486,48550,94.89,123.35,99.9,48426.65,45212.87,3213.78,-41,-4081,-0.54,-10.37,0.03,-4070.63,-3801.27,-269.36
01/09/2012,Sep-12,Bryant Johnso  ,Black Mesa,Iota,12,Standard,Iota 12 Pack Standard,Regular,899,81098,97.76,206.04,90.21,80891.96,75524.09,5367.87,118,10961,2.89,27.85,0.41,10933.15,10207.48,725.67
01/09/2012,Sep-12,Michael Zordic  ,Black Mesa,Lambda,8,Standard,Lambda 8 Pack Standard,Budget,973,59242,73.71,150.51,60.89,59091.49,55170.03,3921.46,60,3533,0.91,8.98,-0.13,3524.02,3290,234.02
01/09/2012,Sep-12,Joey Juliu  ,Black Mesa,Lambda,12,Standard,Lambda 12 Pack Standard,Budget,2806,159441,99.28,405.08,56.82,159035.92,148482.91,10553.01,-13,-1637,0.87,-4.16,-0.32,-1632.84,-1524.3,-108.54
01/09/2012,Sep-12,Geno Lewi  ,Black Mesa,Mu,12,Standard,Mu 12 Pack Standard,Premium,336,54316,64.85,137.99,161.65,54178.01,50582.59,3595.42,133,22087,1.63,56.11,2.89,22030.89,20568.63,1462.26
01/09/2012,Sep-12,Andrew Quarles  ,Black Mesa,Theta,6,Standard,Theta 6 Pack Standard,Regular,220,22742,21.11,57.78,103.37,22684.22,21178.79,1505.43,45,4980,2.52,12.65,1.87,4967.35,4637.17,330.18
01/09/2012,Sep-12,Christian Hackenber  ,Black Mesa,Theta,8,Standard,Theta 8 Pack Standard,Regular,1510,121338,83.86,308.27,80.36,121029.73,112998.65,8031.08,617,40116,2.05,101.92,-10.59,40014.08,37358.89,2655.19
01/09/2012,Sep-12,Chaz Powel  ,Black Mesa,Theta,12,Deluxe,Theta 12 Pack Deluxe,Regular,891,76771,79.67,195.05,86.16,76575.95,71494.85,5081.1,173,15018,2.88,38.16,0.15,14979.84,13986.39,993.45
01/09/2012,Sep-12,Trace McSorle  ,Black Mesa,Theta,12,Giftset,Theta 12 Pack Giftset,Regular,2060,191540,98.77,486.63,92.98,191053.37,178376.17,12677.2,181,18736,0.07,47.6,1.01,18688.4,17448.5,1239.9
01/09/2012,Sep-12,Akeel Lync  ,Black Mesa,Theta,12,Standard,Theta 12 Pack Standard,Regular,5434,419057,99.57,1064.66,77.12,417992.34,390255.78,27736.56,272,24075,-0.33,61.17,0.6,24013.83,22420.37,1593.46
01/09/2012,Sep-12,Matt McGloi  ,Black Mesa,Theta,18,Standard,Theta 18 Pack Standard,Regular,14416,936953,99.45,2380.43,64.99,934572.57,872558.29,62014.28,-3230,-204384,-0.5,-519.26,0.31,-203864.74,-190337.05,-13527.69
01/09/2012,Sep-12,Brett Bracket  ,LexCorp,Gamma,12,Standard,Gamma 12 Pack Standard,Budget,1515,99463,96.8,252.7,65.65,99210.3,92626.72,6583.58,-26,-276,0.09,-0.7,0.93,-275.3,-257.58,-17.72
01/09/2012,Sep-12,Sean McHug  ,MomCorp,Alpha,12,Standard,Alpha 12 Pack Standard,Regular,1319,108609,75.13,275.93,82.34,108333.07,101144.5,7188.57,377,29410,-0.32,74.71,-1.74,29335.29,27388.34,1946.95
01/09/2012,Sep-12,Mike Gesick  ,MomCorp,Alpha,18,Standard,Alpha 18 Pack Standard,Regular,2336,170563,95.67,433.33,73.01,170129.67,158840.14,11289.53,171,10922,0.35,27.75,-0.73,10894.25,10171.16,723.09
01/09/2012,Sep-12,Andre Robinso  ,Rekall,Beta,8,Standard,Beta 8 Pack Standard,Premium,1306,152403,98.23,387.2,116.69,152015.8,141928.61,10087.19,170,20213,0.06,51.36,0.33,20161.64,18823.6,1338.04
01/09/2012,Sep-12,Rashard Case,Rekall,Beta,12,Deluxe,Beta 12 Pack Deluxe,Premium,17,2114,9.5,5.37,124.35,2108.63,1968.52,140.11,-82,-9769,-17.64,-24.82,4.32,-9744.18,-9097.78,-646.4
01/09/2012,Sep-12,Terrell Golde  ,Rekall,Beta,12,Giftset,Beta 12 Pack Giftset,Premium,3361,386237,97.49,981.28,114.92,385255.72,359692,25563.72,497,53985,0.33,137.16,-1.09,53847.84,50274.7,3573.14
01/09/2012,Sep-12,Saeed Blacknal  ,Rekall,Beta,12,Standard,Beta 12 Pack Standard,Premium,5125,525158,99.81,1334.22,102.47,523823.78,489065.21,34758.57,-6145,-571264,-0.15,-1451.35,5.18,-569812.65,-532001.69,-37810.96
01/09/2012,Sep-12,Mike Luka  ,Rekall,Beta,18,Standard,Beta 18 Pack Standard,Premium,9643,864968,97.46,2197.54,89.7,862770.46,805520.12,57250.34,4232,354347,-0.09,900.26,-4.67,353446.74,329993.18,23453.56
01/09/2012,Sep-12,Kyle Carte  ,Rekall,Beta,60,Standard,Beta 60 Pack Standard,Premium,728,74754,33.48,189.92,102.68,74564.08,69616.3,4947.78,56,6025,0.11,15.31,0.4,6009.69,5611.11,398.58
01/09/2012,Sep-12,Mark Alle  ,Stark Ind,Omega,12,Standard,Omega 12 Pack Standard,Budget,326,20515,41.26,52.12,62.93,20462.88,19104.67,1358.21,-25,-1608,-14.15,-4.09,-0.1,-1603.91,-1498.04,-105.87
01/09/2012,Sep-12,Mickey Shule  ,Tyrell Corp,Kappa,8,Standard,Kappa 8 Pack Standard,Regular,963,72857,65.39,185.1,75.66,72671.9,67850.05,4821.85,-184,-14449,-20.75,-36.71,-0.46,-14412.29,-13455.57,-956.72
01/09/2012,Sep-12,Matt Hah  ,Tyrell Corp,Kappa,12,Standard,Kappa 12 Pack Standard,Regular,3719,260040,99.51,660.66,69.92,259379.34,242167.92,17211.42,217,14618,-0.35,37.14,-0.16,14580.86,13613.71,967.15
01/09/2012,Sep-12,Joe Suhe  ,Tyrell Corp,Kappa,18,Standard,Kappa 18 Pack Standard,Regular,3836,229114,96.03,582.09,59.73,228531.91,213367.6,15164.31,-1901,-123878,1.24,-314.72,-1.8,-123563.28,-115363.9,-8199.38
01/09/2012,Sep-12,Matt Sennec,Wayne Ent,Pi,12,Giftset,Pi 12 Pack Giftset,Regular,576,47487,61.35,120.65,82.44,47366.35,44223.3,3143.05,88,7634,-2.11,19.4,0.77,7614.6,7109.14,505.46
01/09/2012,Sep-12,Brandon Felde  ,Aperture,Delta,12,Standard,Delta 12 Pack Standard,Budget,849,46957,20.09,119.3,55.31,46837.7,43729.36,3108.34,-72,-5367,3.7,-13.64,-1.5,-5353.36,-4998.13,-355.23
01/09/2012,Sep-12,Ethan Kilme  ,Aperture,Eta,12,Standard,Eta 12 Pack Standard,Budget,758,31358,4.56,79.67,41.37,31278.33,29203.19,2075.14,169,4974,1.43,12.64,-3.42,4961.36,4632.7,328.66
01/09/2012,Sep-12,Matt Lehma,Aperture,Omicron,8,Standard,Omicron 8 Pack Standard,Regular,25705,1598953,45.07,4062.31,62.2,1594890.69,1489060.04,105830.65,-10018,-570276,-12.4,-1448.84,1.48,-568827.16,-531081.32,-37745.84
01/09/2012,Sep-12,Adam Brenema  ,Aperture,Omicron,12,Deluxe,Omicron 12 Pack Deluxe,Regular,307,28570,8.9,72.59,93.06,28497.41,26606.62,1890.79,34,2930,2.2,7.45,-0.86,2922.55,2728.44,194.11
01/09/2012,Sep-12,Kevin Newsom  ,Aperture,Omicron,12,Giftset,Omicron 12 Pack Giftset,Regular,1648,162268,29.46,412.26,98.46,161855.74,151115.24,10740.5,-91,-8716,3.59,-22.14,0.14,-8693.86,-8117.15,-576.71
01/09/2012,Sep-12,Isaac Smolk  ,Aperture,Omicron,12,Standard,Omicron 12 Pack Standard,Regular,5610,428854,33.67,1089.55,76.44,427764.45,399379.27,28385.18,862,68297,8.69,173.52,0.5,68123.48,63602.89,4520.59
01/09/2012,Sep-12,Ricky Upto  ,Aperture,Omicron,18,Standard,Omicron 18 Pack Standard,Regular,29644,1794533,45.03,4559.2,60.54,1789973.8,1671198.37,118775.43,14814,844047,13.14,2144.39,-3.55,841902.61,786037.7,55864.91
01/09/2012,Sep-12,Paul Jefferso  ,Aperture,Sigma,12,Giftset,Sigma 12 Pack Giftset,Premium,353,52021,13.44,132.17,147.37,51888.83,48445.87,3442.96,34,-2800,1.41,-7.11,-24.48,-2792.89,-2607.76,-185.13
01/09/2012,Sep-12,Brandon Sno  ,Aperture,Sigma,12,Standard,Sigma 12 Pack Standard,Premium,1030,157486,27.66,400.11,152.9,157085.89,146662.46,10423.43,113,12867,4.64,32.69,-4.81,12834.31,11982.67,851.64
01/09/2012,Sep-12,Devon Smit  ,Aperture,Tau,12,Standard,Tau 12 Pack Standard,Regular,338,27364,13.72,69.52,80.96,27294.48,25483.51,1810.97,-15,-954,2.48,-2.43,0.74,-951.57,-887.87,-63.7
01/09/2012,Sep-12,Dan Lawlo  ,Black Mesa,Epsilon,12,Standard,Epsilon 12 Pack Standard,Budget,406,23034,5.92,58.52,56.73,22975.48,21450.92,1524.56,-88,-5096,0.18,-12.95,-0.21,-5083.05,-4746.13,-336.92
01/09/2012,Sep-12,Justin Brow  ,Black Mesa,Iota,12,Giftset,Iota 12 Pack Giftset,Regular,270,25309,12.83,64.3,93.74,25244.7,23569.75,1674.95,-11,-2523,1.99,-6.41,-5.31,-2516.59,-2349.6,-166.99
01/09/2012,Sep-12,David Kimbal  ,Black Mesa,Iota,12,Standard,Iota 12 Pack Standard,Regular,1225,112123,30.56,284.86,91.53,111838.14,104417.17,7420.97,18,2118,5.61,5.38,0.39,2112.62,1972.98,139.64
01/09/2012,Sep-12,Tony Stewar,Black Mesa,Lambda,8,Standard,Lambda 8 Pack Standard,Budget,514,33248,14.01,84.47,64.68,33163.53,30962.74,2200.79,47,2968,3.18,7.54,-0.16,2960.46,2763.65,196.81
01/09/2012,Sep-12,Miles Sander,Black Mesa,Lambda,12,Standard,Lambda 12 Pack Standard,Budget,2053,120604,26.47,306.41,58.75,120297.59,112314.73,7982.86,32,477,6.2,1.21,-0.69,475.79,443.66,32.13
01/09/2012,Sep-12,Kenny Watso,Black Mesa,Mu,12,Standard,Mu 12 Pack Standard,Premium,650,104147,18.93,264.59,160.23,103882.41,96988.98,6893.43,179,29571,6.45,75.12,1.89,29495.88,27538.08,1957.8
01/09/2012,Sep-12,Rich Gardne  ,Black Mesa,Theta,6,Standard,Theta 6 Pack Standard,Regular,191,19521,6.7,49.6,102.2,19471.4,18179.36,1292.04,-1,-372,1.37,-0.94,-1.41,-371.06,-346.43,-24.63
01/09/2012,Sep-12,Justin Kin  ,Black Mesa,Theta,8,Standard,Theta 8 Pack Standard,Regular,1550,145859,25.77,370.57,94.1,145488.43,135834.19,9654.24,143,12711,4.23,32.29,-0.53,12678.71,11836.83,841.88
01/09/2012,Sep-12,John Gilmor,Black Mesa,Theta,12,Deluxe,Theta 12 Pack Deluxe,Regular,309,28160,9.24,71.54,91.13,28088.46,26224.43,1864.03,-2,610,1.38,1.54,2.54,608.46,567.71,40.75
01/09/2012,Sep-12,Brandon Pol  ,Black Mesa,Theta,12,Giftset,Theta 12 Pack Giftset,Regular,1359,129446,22.49,328.87,95.25,129117.13,120549.78,8567.35,-121,-13478,3.72,-34.24,-1.32,-13443.76,-12551.5,-892.26
01/09/2012,Sep-12,Omar Eas,Black Mesa,Theta,12,Standard,Theta 12 Pack Standard,Regular,7582,607520,46,1543.46,80.13,605976.54,565766.06,40210.48,-76,-5903,11.02,-15,0.03,-5888,-5497.66,-390.34
01/09/2012,Sep-12,A.J. Wallac  ,Black Mesa,Theta,18,Standard,Theta 18 Pack Standard,Regular,11371,742963,37.91,1887.58,65.34,741075.42,691900.12,49175.3,-77,-9539,7.87,-24.23,-0.39,-9514.77,-8883.78,-630.99
01/09/2012,Sep-12,DeAndre Thompkin  ,LexCorp,Gamma,12,Standard,Gamma 12 Pack Standard,Budget,884,62082,21.05,157.73,70.23,61924.27,57815.21,4109.06,14,334,2.68,0.85,-0.74,333.15,310.66,22.49
01/09/2012,Sep-12,Brandon Beachu  ,MomCorp,Alpha,12,Standard,Alpha 12 Pack Standard,Regular,1037,94183,22.26,239.28,90.82,93943.72,87710.16,6233.56,-2276,-159741,-4.23,-405.84,14.18,-159335.16,-148762.3,-10572.86
01/09/2012,Sep-12,Terrance Phillip,MomCorp,Alpha,18,Standard,Alpha 18 Pack Standard,Regular,280,23462,9.47,59.61,83.79,23402.39,21849.87,1552.52,-52,-4356,1.58,-11.06,0,-4344.94,-4056.06,-288.88
01/09/2012,Sep-12,Mike Gasparat  ,Rekall,Beta,8,Standard,Beta 8 Pack Standard,Premium,1067,127356,18.62,323.56,119.36,127032.44,118603.05,8429.39,126,12196,3.73,30.98,-3.02,12165.02,11357.42,807.6
01/09/2012,Sep-12,Casey William  ,Rekall,Beta,12,Deluxe,Beta 12 Pack Deluxe,Premium,73,9263,2.16,23.53,126.89,9239.47,8626.19,613.28,-21,-2806,-0.12,-7.13,-1.5,-2798.87,-2613.33,-185.54
01/09/2012,Sep-12,Pat Devli  ,Rekall,Beta,12,Giftset,Beta 12 Pack Giftset,Premium,2063,251997,22.09,640.22,122.15,251356.78,234677.7,16679.08,435,49415,4.83,125.54,-2.29,49289.46,46018.61,3270.85
01/09/2012,Sep-12,Patrick Hal  ,Rekall,Beta,12,Standard,Beta 12 Pack Standard,Premium,5040,561098,40.79,1425.53,111.33,559672.47,522535.12,37137.35,-4419,-399626,7.85,-1015.29,9.76,-398610.71,-372159.71,-26451
01/09/2012,Sep-12,Tony Davi  ,Rekall,Beta,18,Standard,Beta 18 Pack Standard,Premium,4613,439860,26.39,1117.51,95.35,438742.49,409629.22,29113.27,1845,153957,5.66,391.14,-7.94,153565.86,143375.81,10190.05
01/09/2012,Sep-12,Tommy Steven  ,Rekall,Beta,60,Standard,Beta 60 Pack Standard,Premium,149,19499,3.08,49.54,130.87,19449.46,18158.69,1290.77,-37,-4621,0.39,-11.74,1.19,-4609.26,-4303.59,-305.67
01/09/2012,Sep-12,Evan Lewi  ,Stark Ind,Omega,12,Standard,Omega 12 Pack Standard,Budget,859,56204,22.15,142.79,65.43,56061.21,52341.01,3720.2,-186,-11007,5.65,-27.97,1.11,-10979.03,-10251.07,-727.96
01/09/2012,Sep-12,Nolan McCread  ,Tyrell Corp,Kappa,8,Standard,Kappa 8 Pack Standard,Regular,10502,648882,34.23,1648.55,61.79,647233.45,604285.51,42947.94,-18285,-1078630,-34.54,-2740.37,1.78,-1075889.63,-1004497.9,-71391.73
01/09/2012,Sep-12,Nick Scot  ,Tyrell Corp,Kappa,12,Standard,Kappa 12 Pack Standard,Regular,4459,336380,35.32,854.61,75.44,335525.39,313261.58,22263.81,-354,-20955,6.88,-53.24,1.2,-20901.76,-19514.81,-1386.95
01/09/2012,Sep-12,R.J. Luk,Tyrell Corp,Kappa,18,Standard,Kappa 18 Pack Standard,Regular,2094,123836,27.9,314.62,59.14,123521.38,115325.35,8196.03,266,3231,10.05,8.21,-6.84,3222.79,3008.93,213.86
01/09/2012,Sep-12,Andrew Guma,Wayne Ent,Pi,12,Giftset,Pi 12 Pack Giftset,Regular,458,25108,6.09,63.79,54.82,25044.21,23382,1662.21,160,3564,0.26,9.06,-17.48,3554.94,3319.05,235.89
01/10/2012,Oct-12,Nate Cadoga  ,Aperture,Delta,12,Standard,Delta 12 Pack Standard,Budget,1984,110098,96.81,279.71,55.49,109818.29,102531.35,7286.94,405,20682,0.89,52.54,-1.14,20629.46,19260.57,1368.89
01/10/2012,Oct-12,Shamar Finne,Aperture,Eta,12,Standard,Eta 12 Pack Standard,Budget,1141,46022,16.35,116.92,40.33,45905.08,42858.8,3046.28,79,2232,-1.51,5.67,-0.9,2226.33,2078.04,148.29
01/10/2012,Oct-12,Paul Posluszn  ,Aperture,Omicron,8,Standard,Omicron 8 Pack Standard,Regular,268,23176,30.17,58.88,86.48,23117.12,21582.79,1534.33,-90,-7123,1.42,-18.1,1.85,-7104.9,-6634.18,-470.72
01/10/2012,Oct-12,Ryan Scot,Aperture,Omicron,12,Deluxe,Omicron 12 Pack Deluxe,Regular,412,36335,44.05,92.32,88.19,36242.68,33838.13,2404.55,90,8584,1.86,21.81,2.01,8562.19,7994.22,567.97
01/10/2012,Oct-12,Shane McGrego  ,Aperture,Omicron,12,Giftset,Omicron 12 Pack Giftset,Regular,2858,250127,98.75,635.47,87.52,249491.53,232936.6,16554.93,750,53787,-0.18,136.65,-5.62,53650.35,50090.32,3560.03
01/10/2012,Oct-12,Rob Bolde  ,Aperture,Omicron,12,Standard,Omicron 12 Pack Standard,Regular,3430,248977,98.84,632.55,72.59,248344.45,231864.89,16479.56,942,68156,14.77,173.15,-0.09,67982.85,63471.02,4511.83
01/10/2012,Oct-12,John Bronso,Aperture,Omicron,18,Standard,Omicron 18 Pack Standard,Regular,26185,1583389,99.74,4022.76,60.47,1579366.24,1474565.17,104801.07,-7717,-450904,0.37,-1145.57,0.46,-449758.43,-419914.36,-29844.07
01/10/2012,Oct-12,Alan Zemaiti  ,Aperture,Sigma,12,Giftset,Sigma 12 Pack Giftset,Premium,1165,182118,97.69,462.69,156.32,181655.31,169601.36,12053.95,658,96046,4.6,244.01,-13.45,95801.99,89445.12,6356.87
01/10/2012,Oct-12,Chris Gante  ,Aperture,Sigma,12,Standard,Sigma 12 Pack Standard,Premium,913,135544,97.96,344.36,148.46,135199.64,126228.49,8971.15,-43,-6494,1.87,-16.5,-0.12,-6477.5,-6047.49,-430.01
01/10/2012,Oct-12,Steve Delic,Aperture,Tau,12,Standard,Tau 12 Pack Standard,Regular,719,54240,94.94,137.8,75.44,54102.2,50512.18,3590.02,154,10732,3.49,27.26,-1.57,10704.74,9994.04,710.7
01/10/2012,Oct-12,Paul Croni  ,Black Mesa,Epsilon,12,Standard,Epsilon 12 Pack Standard,Budget,505,27664,44.47,70.28,54.78,27593.72,25762.89,1830.83,-44,-2158,1.46,-5.49,0.46,-2152.51,-2009.31,-143.2
01/10/2012,Oct-12,Maurice Humphre,Black Mesa,Iota,12,Giftset,Iota 12 Pack Giftset,Regular,480,48153,94.54,122.34,100.32,48030.66,44843.53,3187.13,-6,-397,-0.35,-1.01,0.42,-395.99,-369.34,-26.65
01/10/2012,Oct-12,Brent Wilkerso  ,Black Mesa,Iota,12,Standard,Iota 12 Pack Standard,Regular,1100,97388,97.26,247.42,88.53,97140.58,90694.51,6446.07,201,16290,-0.5,41.38,-1.68,16248.62,15170.42,1078.2
01/10/2012,Oct-12,Mick Blosse,Black Mesa,Lambda,8,Standard,Lambda 8 Pack Standard,Budget,1102,67091,74.54,170.45,60.88,66920.55,62479.77,4440.78,129,7849,0.83,19.94,-0.01,7829.06,7309.74,519.32
01/10/2012,Oct-12,Dan Conno  ,Black Mesa,Lambda,12,Standard,Lambda 12 Pack Standard,Budget,3046,174058,99.5,442.21,57.14,173615.79,162094.94,11520.85,240,14617,0.22,37.13,0.32,14579.87,13612.03,967.84
01/10/2012,Oct-12,Anthony Morell  ,Black Mesa,Mu,12,Standard,Mu 12 Pack Standard,Premium,305,47355,63.8,120.31,155.26,47234.69,44100.37,3134.32,-31,-6961,-1.05,-17.68,-6.39,-6943.32,-6482.22,-461.1
01/10/2012,Oct-12,Kevin Darlin  ,Black Mesa,Theta,6,Standard,Theta 6 Pack Standard,Regular,201,20515,19.66,52.12,102.06,20462.88,19105.22,1357.66,-19,-2227,-1.45,-5.66,-1.31,-2221.34,-2073.57,-147.77
01/10/2012,Oct-12,Amani Oruwariy  ,Black Mesa,Theta,8,Standard,Theta 8 Pack Standard,Regular,1675,134569,97.89,341.89,80.34,134227.11,125319.94,8907.17,165,13231,14.03,33.62,-0.02,13197.38,12321.29,876.09
01/10/2012,Oct-12,Matt Kranchic  ,Black Mesa,Theta,12,Deluxe,Theta 12 Pack Deluxe,Regular,559,48215,73.56,122.5,86.25,48092.5,44901.08,3191.42,-332,-28556,-6.11,-72.55,0.09,-28483.45,-26593.77,-1889.68
01/10/2012,Oct-12,Navorro Bowma  ,Black Mesa,Theta,12,Giftset,Theta 12 Pack Giftset,Regular,2130,196838,97.74,500.09,92.41,196337.91,183309.49,13028.42,70,5298,-1.03,13.46,-0.57,5284.54,4933.32,351.22
01/10/2012,Oct-12,Gerald Smit  ,Black Mesa,Theta,12,Standard,Theta 12 Pack Standard,Regular,5138,392575,100,997.38,76.41,391577.62,365594.21,25983.41,-296,-26482,0.43,-67.28,-0.71,-26414.72,-24661.57,-1753.15
01/10/2012,Oct-12,Yaacov Yisrae,Black Mesa,Theta,18,Standard,Theta 18 Pack Standard,Regular,17354,1098351,99.96,2790.47,63.29,1095560.53,1022863.32,72697.21,2938,161398,0.51,410.04,-1.7,160987.96,150305.03,10682.93
01/10/2012,Oct-12,Bruce Branc,LexCorp,Gamma,12,Standard,Gamma 12 Pack Standard,Budget,1519,99416,97.02,252.58,65.45,99163.42,92583.69,6579.73,4,-47,0.22,-0.12,-0.2,-46.88,-43.03,-3.85
01/10/2012,Oct-12,Curtis Drak  ,MomCorp,Alpha,12,Standard,Alpha 12 Pack Standard,Regular,1241,103840,72.41,263.81,83.67,103576.19,96703.45,6872.74,-78,-4769,-2.72,-12.12,1.33,-4756.88,-4441.05,-315.83
01/10/2012,Oct-12,Curtis Duke  ,MomCorp,Alpha,18,Standard,Alpha 18 Pack Standard,Regular,2816,202518,94.93,514.52,71.92,202003.48,188599.3,13404.18,480,31955,-0.74,81.19,-1.09,31873.81,29759.16,2114.65
01/10/2012,Oct-12,Michael Yancic  ,Rekall,Beta,8,Standard,Beta 8 Pack Standard,Premium,1229,145469,98.77,369.58,118.36,145099.42,135470.99,9628.43,-77,-6934,0.54,-17.62,1.67,-6916.38,-6457.62,-458.76
01/10/2012,Oct-12,Anthony Scirrott  ,Rekall,Beta,12,Deluxe,Beta 12 Pack Deluxe,Premium,33,4001,5.24,10.16,121.24,3990.84,3726.39,264.45,16,1887,-4.26,4.79,-3.11,1882.21,1757.87,124.34
01/10/2012,Oct-12,Brent Carte  ,Rekall,Beta,12,Giftset,Beta 12 Pack Giftset,Premium,2775,326486,96.71,829.47,117.65,325656.53,304047.02,21609.51,-586,-59751,-0.78,-151.81,2.73,-59599.19,-55644.98,-3954.21
01/10/2012,Oct-12,James Van Flee  ,Rekall,Beta,12,Standard,Beta 12 Pack Standard,Premium,6218,635648,99.74,1614.93,102.23,634033.07,591960.88,42072.19,1093,110490,-0.07,280.71,-0.24,110209.29,102895.67,7313.62
01/10/2012,Oct-12,Kevin Haple  ,Rekall,Beta,18,Standard,Beta 18 Pack Standard,Premium,6629,612343,96.72,1555.72,92.37,610787.28,570257.96,40529.32,-3014,-252625,-0.74,-641.82,2.67,-251983.18,-235262.16,-16721.02
01/10/2012,Oct-12,Irvin Charle  ,Rekall,Beta,60,Standard,Beta 60 Pack Standard,Premium,610,62277,33.68,158.22,102.09,62118.78,57996.82,4121.96,-118,-12477,0.2,-31.7,-0.59,-12445.3,-11619.48,-825.82
01/10/2012,Oct-12,Tim Sha  ,Stark Ind,Omega,12,Standard,Omega 12 Pack Standard,Budget,373,23435,37.54,59.54,62.83,23375.46,21824.17,1551.29,47,2920,-3.72,7.42,-0.1,2912.58,2719.5,193.08
01/10/2012,Oct-12,Jared Odric  ,Tyrell Corp,Kappa,8,Standard,Kappa 8 Pack Standard,Regular,914,70638,62.6,179.47,77.28,70458.53,65783.18,4675.35,-49,-2219,-2.79,-5.63,1.62,-2213.37,-2066.87,-146.5
01/10/2012,Oct-12,David Soldne  ,Tyrell Corp,Kappa,12,Standard,Kappa 12 Pack Standard,Regular,2908,205423,99.46,521.9,70.64,204901.1,191304.83,13596.27,-811,-54617,-0.05,-138.76,0.72,-54478.24,-50863.09,-3615.15
01/10/2012,Oct-12,Kevin Kell  ,Tyrell Corp,Kappa,18,Standard,Kappa 18 Pack Standard,Regular,18926,1150288,97.63,2922.43,60.78,1147365.57,1071230.41,76135.16,15090,921174,1.6,2340.34,1.05,918833.66,857862.81,60970.85
01/10/2012,Oct-12,Sam Ficke  ,Wayne Ent,Pi,12,Giftset,Pi 12 Pack Giftset,Regular,606,49724,63.81,126.33,82.05,49597.67,46306.37,3291.3,30,2237,2.46,5.68,-0.39,2231.32,2083.07,148.25
01/10/2012,Oct-12,Robbie Goul  ,Aperture,Delta,12,Standard,Delta 12 Pack Standard,Budget,948,54614,21.76,138.75,57.61,54475.25,50860.3,3614.95,99,7657,1.67,19.45,2.3,7637.55,7130.94,506.61
01/10/2012,Oct-12,Larry Johnso  ,Aperture,Eta,12,Standard,Eta 12 Pack Standard,Budget,989,40000,4.98,101.62,40.44,39898.38,37251.06,2647.32,231,8642,0.42,21.95,-0.93,8620.05,8047.87,572.18
01/10/2012,Oct-12,Collin Wagne  ,Aperture,Omicron,8,Standard,Omicron 8 Pack Standard,Regular,40907,2794206,54.8,7098.97,68.31,2787107.03,2602165.27,184941.76,15202,1195253,9.73,3036.66,6.11,1192216.34,1113105.23,79111.11
01/10/2012,Oct-12,Evan Royste  ,Aperture,Omicron,12,Deluxe,Omicron 12 Pack Deluxe,Regular,395,37724,9.16,95.84,95.5,37628.16,35131.67,2496.49,88,9154,0.26,23.25,2.44,9130.75,8525.05,605.7
01/10/2012,Oct-12,Saquon Barkle  ,Aperture,Omicron,12,Giftset,Omicron 12 Pack Giftset,Regular,1945,186591,39.24,474.05,95.93,186116.95,173766.94,12350.01,297,24323,9.78,61.79,-2.53,24261.21,22651.7,1609.51
01/10/2012,Oct-12,Tony Hun  ,Aperture,Omicron,12,Standard,Omicron 12 Pack Standard,Regular,7615,563853,47.51,1432.52,74.05,562420.48,525100.4,37320.08,2005,134999,13.84,342.97,-2.39,134656.03,125721.13,8934.9
01/10/2012,Oct-12,Tyler Davi  ,Aperture,Omicron,18,Standard,Omicron 18 Pack Standard,Regular,16414,1020231,49.14,2592,62.16,1017639,950112.37,67526.63,-13230,-774302,4.11,-1967.2,1.62,-772334.8,-721086,-51248.8
01/10/2012,Oct-12,Michael Robinso  ,Aperture,Sigma,12,Giftset,Sigma 12 Pack Giftset,Premium,386,64538,14.04,163.97,167.2,64374.03,60102.79,4271.24,33,12517,0.6,31.8,19.83,12485.2,11656.92,828.28
01/10/2012,Oct-12,Deon Butle  ,Aperture,Sigma,12,Standard,Sigma 12 Pack Standard,Premium,1162,177777,30.42,451.66,152.99,177325.34,165558.71,11766.63,132,20291,2.76,51.55,0.09,20239.45,18896.25,1343.2
01/10/2012,Oct-12,Derrick William  ,Aperture,Tau,12,Standard,Tau 12 Pack Standard,Regular,317,25740,14.14,65.39,81.2,25674.61,23970.94,1703.67,-21,-1624,0.42,-4.13,0.24,-1619.87,-1512.57,-107.3
01/10/2012,Oct-12,Daryll Clar  ,Black Mesa,Epsilon,12,Standard,Epsilon 12 Pack Standard,Budget,488,26981,7.35,68.55,55.29,26912.45,25126.46,1785.99,82,3947,1.43,10.03,-1.44,3936.97,3675.54,261.43
01/10/2012,Oct-12,Zach Zwina  ,Black Mesa,Iota,12,Giftset,Iota 12 Pack Giftset,Regular,267,27133,13.44,68.93,101.62,27064.07,25268.38,1795.69,-3,1824,0.61,4.63,7.88,1819.37,1698.63,120.74
01/10/2012,Oct-12,Eric McCo,Black Mesa,Iota,12,Standard,Iota 12 Pack Standard,Regular,1151,105679,34.45,268.49,91.81,105410.51,98415.5,6995.01,-74,-6444,3.89,-16.37,0.28,-6427.63,-6001.67,-425.96
01/10/2012,Oct-12,Chris Godwi  ,Black Mesa,Lambda,8,Standard,Lambda 8 Pack Standard,Budget,658,42813,18.35,108.77,65.07,42704.23,39870.54,2833.69,144,9565,4.34,24.3,0.39,9540.7,8907.8,632.9
01/10/2012,Oct-12,Derek Moy  ,Black Mesa,Lambda,12,Standard,Lambda 12 Pack Standard,Budget,2414,142205,29.23,361.29,58.91,141843.71,132431.88,9411.83,361,21601,2.76,54.88,0.16,21546.12,20117.15,1428.97
01/10/2012,Oct-12,Bill Belto  ,Black Mesa,Mu,12,Standard,Mu 12 Pack Standard,Premium,640,105490,20.41,268.01,164.83,105221.99,98239.49,6982.5,-10,1343,1.48,3.42,4.6,1339.58,1250.51,89.07
01/10/2012,Oct-12,Austin Scot  ,Black Mesa,Theta,6,Standard,Theta 6 Pack Standard,Regular,311,32428,8.52,82.39,104.27,32345.61,30198.91,2146.7,120,12907,1.82,32.79,2.07,12874.21,12019.55,854.66
01/10/2012,Oct-12,Allen Robinso  ,Black Mesa,Theta,8,Standard,Theta 8 Pack Standard,Regular,1592,144970,29.34,368.31,91.06,144601.69,135006.1,9595.59,42,-889,3.57,-2.26,-3.04,-886.74,-828.09,-58.65
01/10/2012,Oct-12,Stephfon Gree  ,Black Mesa,Theta,12,Deluxe,Theta 12 Pack Deluxe,Regular,279,24463,9.79,62.15,87.68,24400.85,22781.89,1618.96,-30,-3697,0.55,-9.39,-3.45,-3687.61,-3442.54,-245.07
01/10/2012,Oct-12,Jordan Norwoo  ,Black Mesa,Theta,12,Giftset,Theta 12 Pack Giftset,Regular,1712,164260,27.07,417.32,95.95,163842.68,152970.89,10871.79,353,34814,4.58,88.45,0.7,34725.55,32421.11,2304.44
01/10/2012,Oct-12,Zack Mill  ,Black Mesa,Theta,12,Standard,Theta 12 Pack Standard,Regular,9185,723067,54.12,1837.03,78.72,721229.97,673372.1,47857.87,1603,115547,8.12,293.57,-1.41,115253.43,107606.04,7647.39
01/10/2012,Oct-12,Rodney Kinla  ,Black Mesa,Theta,18,Standard,Theta 18 Pack Standard,Regular,12788,841558,46.64,2138.06,65.81,839419.94,783718.87,55701.07,1417,98595,8.73,250.48,0.47,98344.52,91818.75,6525.77
01/10/2012,Oct-12,Jesse Jame  ,LexCorp,Gamma,12,Standard,Gamma 12 Pack Standard,Budget,905,65097,25.28,165.38,71.93,64931.62,60623,4308.62,21,3015,4.23,7.65,1.7,3007.35,2807.79,199.56
01/10/2012,Oct-12,Tony Johnso  ,MomCorp,Alpha,12,Standard,Alpha 12 Pack Standard,Regular,978,88945,24.98,225.97,90.95,88719.03,82832.16,5886.87,-59,-5238,2.72,-13.31,0.13,-5224.69,-4878,-346.69
01/10/2012,Oct-12,Ryan Primant,MomCorp,Alpha,18,Standard,Alpha 18 Pack Standard,Regular,321,26780,10.59,68.04,83.43,26711.96,24939.83,1772.13,41,3318,1.12,8.43,-0.36,3309.57,3089.96,219.61
01/10/2012,Oct-12,Anthony Fer  ,Rekall,Beta,8,Standard,Beta 8 Pack Standard,Premium,1057,128867,18.45,327.4,121.92,128539.6,120010.58,8529.02,-10,1511,-0.17,3.84,2.56,1507.16,1407.53,99.63
01/10/2012,Oct-12,Graham Zu  ,Rekall,Beta,12,Deluxe,Beta 12 Pack Deluxe,Premium,83,10652,2.39,27.06,128.34,10624.94,9919.72,705.22,10,1389,0.23,3.53,1.45,1385.47,1293.53,91.94
01/10/2012,Oct-12,DaeSean Hamilto  ,Rekall,Beta,12,Giftset,Beta 12 Pack Giftset,Premium,1660,207920,22.86,528.24,125.25,207391.76,193629.85,13761.91,-403,-44077,0.77,-111.98,3.1,-43965.02,-41047.85,-2917.17
01/10/2012,Oct-12,Silas Red  ,Rekall,Beta,12,Standard,Beta 12 Pack Standard,Premium,7405,774299,46.55,1967.19,104.56,772331.81,721083.2,51248.61,2365,213201,5.76,541.66,-6.77,212659.34,198548.08,14111.26
01/10/2012,Oct-12,Bryant Johnso  ,Rekall,Beta,18,Standard,Beta 18 Pack Standard,Premium,2809,292673,29.4,743.57,104.19,291929.43,272557.93,19371.5,-1804,-147187,3.01,-373.94,8.84,-146813.06,-137071.29,-9741.77
01/10/2012,Oct-12,Michael Zordic  ,Rekall,Beta,60,Standard,Beta 60 Pack Standard,Premium,113,14612,2.96,37.12,129.31,14574.88,13607.56,967.32,-36,-4887,-0.12,-12.42,-1.56,-4874.58,-4551.13,-323.45
01/10/2012,Oct-12,Joey Juliu  ,Stark Ind,Omega,12,Standard,Omega 12 Pack Standard,Budget,1105,71039,22.72,180.48,64.29,70858.52,66156.43,4702.09,246,14835,0.57,37.69,-1.14,14797.31,13815.42,981.89
01/10/2012,Oct-12,Geno Lewi  ,Tyrell Corp,Kappa,8,Standard,Kappa 8 Pack Standard,Regular,8041,502828,37.49,1277.49,62.53,501550.51,468269.72,33280.79,-2461,-146054,3.26,-371.06,0.74,-145682.94,-136015.79,-9667.15
01/10/2012,Oct-12,Andrew Quarles  ,Tyrell Corp,Kappa,12,Standard,Kappa 12 Pack Standard,Regular,3362,257918,41.35,655.27,76.72,257262.73,240191.57,17071.16,-1097,-78462,6.03,-199.34,1.28,-78262.66,-73070.01,-5192.65
01/10/2012,Oct-12,Christian Hackenber  ,Tyrell Corp,Kappa,18,Standard,Kappa 18 Pack Standard,Regular,20936,1263268,38.25,3209.46,60.34,1260058.54,1176445.5,83613.04,18842,1139432,10.35,2894.84,1.2,1136537.16,1061120.15,75417.01
01/10/2012,Oct-12,Chaz Powel  ,Wayne Ent,Pi,12,Giftset,Pi 12 Pack Giftset,Regular,131,10654,4.72,27.07,81.33,10626.93,9921.96,704.97,-327,-14454,-1.37,-36.72,26.51,-14417.28,-13460.04,-957.24
01/11/2012,Nov-12,Trace McSorle  ,Aperture,Delta,12,Standard,Delta 12 Pack Standard,Budget,1472,83731,97.55,212.72,56.88,83518.28,77975.95,5542.33,-512,-26367,0.74,-66.99,1.39,-26300.01,-24555.4,-1744.61
01/11/2012,Nov-12,Akeel Lync  ,Aperture,Eta,12,Standard,Eta 12 Pack Standard,Budget,862,38056,15.14,96.68,44.15,37959.32,35440.67,2518.65,-279,-7966,-1.21,-20.24,3.82,-7945.76,-7418.13,-527.63
01/11/2012,Nov-12,Matt McGloi  ,Aperture,Omicron,8,Standard,Omicron 8 Pack Standard,Regular,290,25589,30.4,65.01,88.24,25523.99,23830.13,1693.86,22,2413,0.23,6.13,1.76,2406.87,2247.34,159.53
01/11/2012,Nov-12,Brett Bracket  ,Aperture,Omicron,12,Deluxe,Omicron 12 Pack Deluxe,Regular,372,32535,40.68,82.66,87.46,32452.34,30298.93,2153.41,-40,-3800,-3.37,-9.66,-0.73,-3790.34,-3539.2,-251.14
01/11/2012,Nov-12,Sean McHug  ,Aperture,Omicron,12,Giftset,Omicron 12 Pack Giftset,Regular,2711,235254,99.21,597.69,86.78,234656.31,219085.42,15570.89,-147,-14873,0.46,-37.78,-0.74,-14835.22,-13851.18,-984.04
01/11/2012,Nov-12,Mike Gesick  ,Aperture,Omicron,12,Standard,Omicron 12 Pack Standard,Regular,848,62332,41.3,158.36,73.5,62173.64,58047.67,4125.97,-2582,-186645,-57.54,-474.19,0.91,-186170.81,-173817.22,-12353.59
01/11/2012,Nov-12,Andre Robinso  ,Aperture,Omicron,18,Standard,Omicron 18 Pack Standard,Regular,40873,2418877,99.93,6145.41,59.18,2412731.59,2252632.14,160099.45,14688,835488,0.19,2122.65,-1.29,833365.35,778066.97,55298.38
01/11/2012,Nov-12,Rashard Case,Aperture,Sigma,12,Giftset,Sigma 12 Pack Giftset,Premium,1551,232223,96.3,589.99,149.72,231633.01,216263.11,15369.9,386,50105,-1.39,127.3,-6.6,49977.7,46661.75,3315.95
01/11/2012,Nov-12,Terrell Golde  ,Aperture,Sigma,12,Standard,Sigma 12 Pack Standard,Premium,1033,153014,98.5,388.75,148.13,152625.25,142498,10127.25,120,17470,0.54,44.39,-0.33,17425.61,16269.51,1156.1
01/11/2012,Nov-12,Saeed Blacknal  ,Aperture,Tau,12,Standard,Tau 12 Pack Standard,Regular,559,42928,93.26,109.06,76.79,42818.94,39977.83,2841.11,-160,-11312,-1.68,-28.74,1.35,-11283.26,-10534.35,-748.91
01/11/2012,Nov-12,Mike Luka  ,Black Mesa,Epsilon,12,Standard,Epsilon 12 Pack Standard,Budget,594,32231,45.3,81.89,54.26,32149.11,30016.19,2132.92,89,4567,0.83,11.61,-0.52,4555.39,4253.3,302.09
01/11/2012,Nov-12,Kyle Carte  ,Black Mesa,Iota,12,Giftset,Iota 12 Pack Giftset,Regular,586,57446,93.75,145.95,98.03,57300.05,53498.21,3801.84,106,9293,-0.79,23.61,-2.29,9269.39,8654.68,614.71
01/11/2012,Nov-12,Mark Alle  ,Black Mesa,Iota,12,Standard,Iota 12 Pack Standard,Regular,1051,92767,96.78,235.69,88.27,92531.31,86391.47,6139.84,-49,-4621,-0.48,-11.73,-0.26,-4609.27,-4303.04,-306.23
01/11/2012,Nov-12,Mickey Shule  ,Black Mesa,Lambda,8,Standard,Lambda 8 Pack Standard,Budget,919,54961,69.17,139.63,59.81,54821.37,51183.26,3638.11,-183,-12130,-5.37,-30.82,-1.07,-12099.18,-11296.51,-802.67
01/11/2012,Nov-12,Matt Hah  ,Black Mesa,Lambda,12,Standard,Lambda 12 Pack Standard,Budget,2971,171052,99.31,434.57,57.57,170617.43,159296.09,11321.34,-75,-3006,-0.19,-7.64,0.43,-2998.36,-2798.85,-199.51
01/11/2012,Nov-12,Joe Suhe  ,Black Mesa,Mu,12,Standard,Mu 12 Pack Standard,Premium,271,41447,58.22,105.3,152.94,41341.7,38598.8,2742.9,-34,-5908,-5.58,-15.01,-2.32,-5892.99,-5501.57,-391.42
01/11/2012,Nov-12,Matt Sennec,Black Mesa,Theta,6,Standard,Theta 6 Pack Standard,Regular,179,18361,17.64,46.65,102.58,18314.35,17098.7,1215.65,-22,-2154,-2.02,-5.47,0.52,-2148.53,-2006.52,-142.01
01/11/2012,Nov-12,Brandon Felde  ,Black Mesa,Theta,8,Standard,Theta 8 Pack Standard,Regular,2807,212617,98.59,540.17,75.75,212076.83,198003.85,14072.98,1132,78048,0.7,198.28,-4.59,77849.72,72683.91,5165.81
01/11/2012,Nov-12,Ethan Kilme  ,Black Mesa,Theta,12,Deluxe,Theta 12 Pack Deluxe,Regular,480,40782,71.81,103.61,84.96,40678.39,37979.13,2699.26,-79,-7433,-1.75,-18.89,-1.29,-7414.11,-6921.95,-492.16
01/11/2012,Nov-12,Matt Lehma,Black Mesa,Theta,12,Giftset,Theta 12 Pack Giftset,Regular,1907,177506,98.54,450.97,93.08,177055.03,165306.71,11748.32,-223,-19332,0.8,-49.12,0.67,-19282.88,-18002.78,-1280.1
01/11/2012,Nov-12,Adam Brenema  ,Black Mesa,Theta,12,Standard,Theta 12 Pack Standard,Regular,7937,581636,99.51,1477.71,73.28,580158.29,541661.58,38496.71,2799,189061,-0.49,480.33,-3.13,188580.67,176067.37,12513.3
01/11/2012,Nov-12,Kevin Newsom  ,Black Mesa,Theta,18,Standard,Theta 18 Pack Standard,Regular,17656,1133395,99.95,2879.51,64.19,1130515.49,1055498.99,75016.5,302,35044,-0.01,89.04,0.9,34954.96,32635.67,2319.29
01/11/2012,Nov-12,Isaac Smolk  ,LexCorp,Gamma,12,Standard,Gamma 12 Pack Standard,Budget,2422,148244,97.92,376.63,61.21,147867.37,138055.27,9812.1,903,48828,0.9,124.05,-4.24,48703.95,45471.58,3232.37
01/11/2012,Nov-12,Ricky Upto  ,MomCorp,Alpha,12,Standard,Alpha 12 Pack Standard,Regular,974,82871,71.76,210.54,85.08,82660.46,77175.24,5485.22,-267,-20969,-0.65,-53.27,1.41,-20915.73,-19528.21,-1387.52
01/11/2012,Nov-12,Paul Jefferso  ,MomCorp,Alpha,18,Standard,Alpha 18 Pack Standard,Regular,2200,164077,95.32,416.86,74.58,163660.14,152799.91,10860.23,-616,-38441,0.39,-97.66,2.66,-38343.34,-35799.39,-2543.95
01/11/2012,Nov-12,Brandon Sno  ,Rekall,Beta,8,Standard,Beta 8 Pack Standard,Premium,1170,138657,97.41,352.27,118.51,138304.73,129127.36,9177.37,-59,-6812,-1.36,-17.31,0.15,-6794.69,-6343.63,-451.06
01/11/2012,Nov-12,Devon Smit  ,Rekall,Beta,12,Deluxe,Beta 12 Pack Deluxe,Premium,553,63036,68.97,160.15,113.99,62875.85,58703.65,4172.2,520,59035,63.73,149.99,-7.25,58885.01,54977.26,3907.75
01/11/2012,Nov-12,Dan Lawlo  ,Rekall,Beta,12,Giftset,Beta 12 Pack Giftset,Premium,2502,296362,97.11,752.94,118.45,295609.06,275993.2,19615.86,-273,-30124,0.4,-76.53,0.8,-30047.47,-28053.82,-1993.65
01/11/2012,Nov-12,Justin Brow  ,Rekall,Beta,12,Standard,Beta 12 Pack Standard,Premium,6580,669911,99.91,1701.98,101.81,668209.02,623869.04,44339.98,362,34263,0.17,87.05,-0.42,34175.95,31908.16,2267.79
01/11/2012,Nov-12,David Kimbal  ,Rekall,Beta,18,Standard,Beta 18 Pack Standard,Premium,7477,673041,96.57,1709.93,90.01,671331.07,626784.11,44546.96,848,60698,-0.15,154.21,-2.36,60543.79,56526.15,4017.64
01/11/2012,Nov-12,Tony Stewar,Rekall,Beta,60,Standard,Beta 60 Pack Standard,Premium,592,60811,42.48,154.49,102.72,60656.51,56631.2,4025.31,-18,-1466,8.8,-3.73,0.63,-1462.27,-1365.62,-96.65
01/11/2012,Nov-12,Miles Sander,Stark Ind,Omega,12,Standard,Omega 12 Pack Standard,Budget,380,23854,38.02,60.6,62.77,23793.4,22214.19,1579.21,7,419,0.48,1.06,-0.06,417.94,390.02,27.92
01/11/2012,Nov-12,Kenny Watso,Tyrell Corp,Kappa,8,Standard,Kappa 8 Pack Standard,Regular,991,75514,63.51,191.85,76.2,75322.15,70324.25,4997.9,77,4876,0.91,12.38,-1.08,4863.62,4541.07,322.55
01/11/2012,Nov-12,Rich Gardne  ,Tyrell Corp,Kappa,12,Standard,Kappa 12 Pack Standard,Regular,2306,167769,98.74,426.23,72.75,167342.77,156238.54,11104.23,-602,-37654,-0.72,-95.67,2.11,-37558.33,-35066.29,-2492.04
01/11/2012,Nov-12,Justin Kin  ,Tyrell Corp,Kappa,18,Standard,Kappa 18 Pack Standard,Regular,9765,608354,98.36,1545.59,62.3,606808.41,566543.3,40265.11,-9161,-541934,0.73,-1376.84,1.52,-540557.16,-504687.11,-35870.05
01/11/2012,Nov-12,John Gilmor,Wayne Ent,Pi,12,Giftset,Pi 12 Pack Giftset,Regular,758,59431,77.94,150.99,78.41,59280.01,55346.04,3933.97,152,9707,14.13,24.66,-3.64,9682.34,9039.67,642.67
01/11/2012,Nov-12,Brandon Pol  ,Aperture,Delta,12,Standard,Delta 12 Pack Standard,Budget,785,46509,18.8,118.16,59.25,46390.84,43312.52,3078.32,-163,-8105,-2.96,-20.59,1.64,-8084.41,-7547.78,-536.63
01/11/2012,Nov-12,Omar Eas,Aperture,Eta,12,Standard,Eta 12 Pack Standard,Budget,806,35553,4.11,90.32,44.11,35462.68,33109.51,2353.17,-183,-4447,-0.87,-11.3,3.67,-4435.7,-4141.55,-294.15
01/11/2012,Nov-12,A.J. Wallac  ,Aperture,Omicron,8,Standard,Omicron 8 Pack Standard,Regular,35326,2467567,54.93,6269.11,69.85,2461297.89,2297975.21,163322.68,-5581,-326639,0.13,-829.86,1.54,-325809.14,-304190.06,-21619.08
01/11/2012,Nov-12,DeAndre Thompkin  ,Aperture,Omicron,12,Deluxe,Omicron 12 Pack Deluxe,Regular,322,30652,8.56,77.87,95.19,30574.13,28545.53,2028.6,-73,-7072,-0.6,-17.97,-0.31,-7054.03,-6586.14,-467.89
01/11/2012,Nov-12,Brandon Beachu  ,Aperture,Omicron,12,Giftset,Omicron 12 Pack Giftset,Regular,3654,320131,36.95,813.32,87.61,319317.68,298128.61,21189.07,1709,133540,-2.29,339.27,-8.32,133200.73,124361.67,8839.06
01/11/2012,Nov-12,Terrance Phillip,Aperture,Omicron,12,Standard,Omicron 12 Pack Standard,Regular,4229,315467,23.52,801.47,74.6,314665.53,293785.34,20880.19,-3386,-248386,-23.99,-631.05,0.55,-247754.95,-231315.06,-16439.89
01/11/2012,Nov-12,Mike Gasparat  ,Aperture,Omicron,18,Standard,Omicron 18 Pack Standard,Regular,29564,1782512,41.49,4528.66,60.29,1777983.34,1660003.54,117979.8,13150,762281,-7.65,1936.66,-1.87,760344.34,709891.17,50453.17
01/11/2012,Nov-12,Casey William  ,Aperture,Sigma,12,Giftset,Sigma 12 Pack Giftset,Premium,263,45503,12.25,115.6,173.02,45387.4,42375.48,3011.92,-123,-19035,-1.79,-48.37,5.82,-18986.63,-17727.31,-1259.32
01/11/2012,Nov-12,Pat Devli  ,Aperture,Sigma,12,Standard,Sigma 12 Pack Standard,Premium,1114,170063,26.6,432.06,152.66,169630.94,158374.69,11256.25,-48,-7714,-3.82,-19.6,-0.33,-7694.4,-7184.02,-510.38
01/11/2012,Nov-12,Patrick Hal  ,Aperture,Tau,12,Standard,Tau 12 Pack Standard,Regular,311,25145,13.16,63.88,80.85,25081.12,23417.2,1663.92,-6,-595,-0.98,-1.51,-0.35,-593.49,-553.74,-39.75
01/11/2012,Nov-12,Tony Davi  ,Black Mesa,Epsilon,12,Standard,Epsilon 12 Pack Standard,Budget,520,28153,5.26,71.53,54.14,28081.47,26218.28,1863.19,32,1172,-2.09,2.98,-1.15,1169.02,1091.82,77.2
01/11/2012,Nov-12,Tommy Steven  ,Black Mesa,Iota,12,Giftset,Iota 12 Pack Giftset,Regular,312,31219,13.04,79.31,100.06,31139.69,29073,2066.69,45,4086,-0.4,10.38,-1.56,4075.62,3804.62,271
01/11/2012,Nov-12,Evan Lewi  ,Black Mesa,Iota,12,Standard,Iota 12 Pack Standard,Regular,1100,102080,29.2,259.34,92.8,101820.66,95064.6,6756.06,-51,-3599,-5.25,-9.15,0.99,-3589.85,-3350.9,-238.95
01/11/2012,Nov-12,Nolan McCread  ,Black Mesa,Lambda,8,Standard,Lambda 8 Pack Standard,Budget,1271,79742,16.38,202.59,62.74,79539.41,74261.29,5278.12,613,36929,-1.97,93.82,-2.33,36835.18,34390.75,2444.43
01/11/2012,Nov-12,Nick Scot  ,Black Mesa,Lambda,12,Standard,Lambda 12 Pack Standard,Budget,2938,172176,32.87,437.43,58.6,171738.57,160342.66,11395.91,524,29971,3.64,76.14,-0.31,29894.86,27910.78,1984.08
01/11/2012,Nov-12,R.J. Luk,Black Mesa,Mu,12,Standard,Mu 12 Pack Standard,Premium,677,111808,18.87,284.06,165.15,111523.94,104123.27,7400.67,37,6318,-1.54,16.05,0.32,6301.95,5883.78,418.17
01/11/2012,Nov-12,Andrew Guma,Black Mesa,Theta,6,Standard,Theta 6 Pack Standard,Regular,239,24820,6.25,63.06,103.85,24756.94,23114.35,1642.59,-72,-7608,-2.27,-19.33,-0.42,-7588.67,-7084.56,-504.11
01/11/2012,Nov-12,Nate Cadoga  ,Black Mesa,Theta,8,Standard,Theta 8 Pack Standard,Regular,2465,208432,27.19,529.54,84.56,207902.46,194106.47,13795.99,873,63462,-2.15,161.23,-6.5,63300.77,59100.37,4200.4
01/11/2012,Nov-12,Shamar Finne,Black Mesa,Theta,12,Deluxe,Theta 12 Pack Deluxe,Regular,142,13093,7.01,33.26,92.2,13059.74,12193.33,866.41,-137,-11370,-2.78,-28.89,4.52,-11341.11,-10588.56,-752.55
01/11/2012,Nov-12,Paul Posluszn  ,Black Mesa,Theta,12,Giftset,Theta 12 Pack Giftset,Regular,1594,151915,22.69,385.96,95.3,151529.04,141473.78,10055.26,-118,-12345,-4.38,-31.36,-0.65,-12313.64,-11497.11,-816.53
01/11/2012,Nov-12,Ryan Scot,Black Mesa,Theta,12,Standard,Theta 12 Pack Standard,Regular,10407,799045,45.45,2030.06,76.78,797014.94,744128.27,52886.67,1222,75978,-8.67,193.03,-1.94,75784.97,70756.17,5028.8
01/11/2012,Nov-12,Shane McGrego  ,Black Mesa,Theta,18,Standard,Theta 18 Pack Standard,Regular,12685,846908,40.17,2151.66,66.76,844756.34,788701.91,56054.43,-103,5350,-6.47,13.6,0.95,5336.4,4983.04,353.36
01/11/2012,Nov-12,Rob Bolde  ,LexCorp,Gamma,12,Standard,Gamma 12 Pack Standard,Budget,973,68313,22.24,173.56,70.21,68139.44,63617.97,4521.47,68,3216,-3.04,8.18,-1.72,3207.82,2994.97,212.85
01/11/2012,Nov-12,John Bronso,MomCorp,Alpha,12,Standard,Alpha 12 Pack Standard,Regular,934,86964,19.77,220.94,93.11,86743.06,80987.12,5755.94,-44,-1981,-5.21,-5.03,2.16,-1975.97,-1845.04,-130.93
01/11/2012,Nov-12,Alan Zemaiti  ,MomCorp,Alpha,18,Standard,Alpha 18 Pack Standard,Regular,301,25008,8.86,63.53,83.08,24944.47,23289.25,1655.22,-20,-1772,-1.73,-4.51,-0.35,-1767.49,-1650.58,-116.91
01/11/2012,Nov-12,Chris Gante  ,Rekall,Beta,8,Standard,Beta 8 Pack Standard,Premium,1240,152524,15.84,387.5,123,152136.5,142040.93,10095.57,183,23657,-2.61,60.1,1.08,23596.9,22030.35,1566.55
01/11/2012,Nov-12,Steve Delic,Rekall,Beta,12,Deluxe,Beta 12 Pack Deluxe,Premium,137,16939,4.31,43.03,123.64,16895.97,15774.44,1121.53,54,6287,1.92,15.97,-4.7,6271.03,5854.72,416.31
01/11/2012,Nov-12,Paul Croni  ,Rekall,Beta,12,Giftset,Beta 12 Pack Giftset,Premium,1598,201884,22.17,512.9,126.34,201371.1,188008.69,13362.41,-62,-6036,-0.69,-15.34,1.09,-6020.66,-5621.16,-399.5
01/11/2012,Nov-12,Maurice Humphre,Rekall,Beta,12,Standard,Beta 12 Pack Standard,Premium,7986,839099,40.72,2131.82,105.07,836967.18,781429.61,55537.57,581,64800,-5.83,164.63,0.51,64635.37,60346.41,4288.96
01/11/2012,Nov-12,Brent Wilkerso  ,Rekall,Beta,18,Standard,Beta 18 Pack Standard,Premium,3238,330812,25.26,840.46,102.17,329971.54,308075.7,21895.84,429,38139,-4.14,96.89,-2.02,38042.11,35517.77,2524.34
01/11/2012,Nov-12,Mick Blosse,Rekall,Beta,60,Standard,Beta 60 Pack Standard,Premium,199,25577,2.59,64.98,128.53,25512.02,23818.96,1693.06,86,10965,-0.37,27.86,-0.78,10937.14,10211.4,725.74
01/11/2012,Nov-12,Dan Conno  ,Stark Ind,Omega,12,Standard,Omega 12 Pack Standard,Budget,885,55413,19.04,140.78,62.61,55272.22,51604.57,3667.65,-220,-15626,-3.68,-39.7,-1.68,-15586.3,-14551.86,-1034.44
01/11/2012,Nov-12,Anthony Morell  ,Tyrell Corp,Kappa,8,Standard,Kappa 8 Pack Standard,Regular,21828,1328984,35.54,3376.42,60.88,1325607.58,1237645.15,87962.43,13787,826156,-1.95,2098.93,-1.65,824057.07,769375.43,54681.64
01/11/2012,Nov-12,Kevin Darlin  ,Tyrell Corp,Kappa,12,Standard,Kappa 12 Pack Standard,Regular,3135,248366,34.07,631,79.22,247735,231296.62,16438.38,-227,-9552,-7.28,-24.27,2.5,-9527.73,-8894.95,-632.78
01/11/2012,Nov-12,Amani Oruwariy  ,Tyrell Corp,Kappa,18,Standard,Kappa 18 Pack Standard,Regular,7093,442459,32.13,1124.11,62.38,441334.89,412049.78,29285.11,-13843,-820809,-6.12,-2085.35,2.04,-818723.65,-764395.72,-54327.93
01/11/2012,Nov-12,Matt Kranchic  ,Wayne Ent,Pi,12,Giftset,Pi 12 Pack Giftset,Regular,172,14272,5.85,36.26,82.98,14235.74,13291.3,944.44,41,3618,1.13,9.19,1.65,3608.81,3369.34,239.47
01/12/2012,Dec-12,Navorro Bowma  ,Aperture,Delta,12,Standard,Delta 12 Pack Standard,Budget,1553,88223,98.19,224.14,56.81,87998.86,82159.96,5838.9,81,4492,0.64,11.42,-0.07,4480.58,4184.01,296.57
01/12/2012,Dec-12,Gerald Smit  ,Aperture,Eta,12,Standard,Eta 12 Pack Standard,Budget,928,40885,17.48,103.87,44.06,40781.13,38075.24,2705.89,66,2829,2.34,7.19,-0.09,2821.81,2634.57,187.24
01/12/2012,Dec-12,Yaacov Yisrae,Aperture,Omicron,8,Standard,Omicron 8 Pack Standard,Regular,470,41348,33.84,105.05,87.97,41242.95,38506.6,2736.35,180,15759,3.44,40.04,-0.27,15718.96,14676.47,1042.49
01/12/2012,Dec-12,Bruce Branc,Aperture,Omicron,12,Deluxe,Omicron 12 Pack Deluxe,Regular,721,63070,48.42,160.24,87.48,62909.76,58735.5,4174.26,349,30535,7.74,77.58,0.02,30457.42,28436.57,2020.85
01/12/2012,Dec-12,Curtis Drak  ,Aperture,Omicron,12,Giftset,Omicron 12 Pack Giftset,Regular,7315,620587,99.44,1576.66,84.84,619010.34,577934.81,41075.53,4604,385333,0.23,978.97,-1.94,384354.03,358849.39,25504.64
01/12/2012,Dec-12,Curtis Duke  ,Aperture,Omicron,12,Standard,Omicron 12 Pack Standard,Regular,1766,129609,50.03,329.29,73.39,129279.71,120701.21,8578.5,918,67277,8.73,170.93,-0.11,67106.07,62653.54,4452.53
01/12/2012,Dec-12,Michael Yancic  ,Aperture,Omicron,18,Standard,Omicron 18 Pack Standard,Regular,40370,2379032,99.94,6044.18,58.93,2372987.82,2215525.8,157462.02,-503,-39845,0.01,-101.23,-0.25,-39743.77,-37106.34,-2637.43
01/12/2012,Dec-12,Anthony Scirrott  ,Aperture,Sigma,12,Giftset,Sigma 12 Pack Giftset,Premium,2388,355954,98.21,904.34,149.06,355049.66,331490.11,23559.55,837,123731,1.91,314.35,-0.66,123416.65,115227,8189.65
01/12/2012,Dec-12,Brent Carte  ,Aperture,Sigma,12,Standard,Sigma 12 Pack Standard,Premium,1663,245351,98.66,623.34,147.54,244727.66,228488.28,16239.38,630,92337,0.16,234.59,-0.59,92102.41,85990.28,6112.13
01/12/2012,Dec-12,James Van Flee  ,Aperture,Tau,12,Standard,Tau 12 Pack Standard,Regular,589,45364,92.22,115.25,77.02,45248.75,42246.4,3002.35,30,2436,-1.04,6.19,0.23,2429.81,2268.57,161.24
01/12/2012,Dec-12,Kevin Haple  ,Black Mesa,Epsilon,12,Standard,Epsilon 12 Pack Standard,Budget,721,38965,45.96,98.99,54.04,38866.01,36287.2,2578.81,127,6734,0.66,17.1,-0.22,6716.9,6271.01,445.89
01/12/2012,Dec-12,Irvin Charle  ,Black Mesa,Iota,12,Giftset,Iota 12 Pack Giftset,Regular,1177,114062,97.46,289.79,96.91,113772.21,106222.54,7549.67,591,56616,3.71,143.84,-1.12,56472.16,52724.33,3747.83
01/12/2012,Dec-12,Tim Sha  ,Black Mesa,Iota,12,Standard,Iota 12 Pack Standard,Regular,1384,123644,98.4,314.13,89.34,123329.87,115145.98,8183.89,333,30877,1.62,78.44,1.07,30798.56,28754.51,2044.05
01/12/2012,Dec-12,Jared Odric  ,Black Mesa,Lambda,8,Standard,Lambda 8 Pack Standard,Budget,796,48595,42.62,123.46,61.05,48471.54,45254.78,3216.76,-123,-6366,-26.55,-16.17,1.24,-6349.83,-5928.48,-421.35
01/12/2012,Dec-12,David Soldne  ,Black Mesa,Lambda,12,Standard,Lambda 12 Pack Standard,Budget,3245,187067,99.71,475.26,57.65,186591.74,174210.04,12381.7,274,16015,0.4,40.69,0.08,15974.31,14913.95,1060.36
01/12/2012,Dec-12,Kevin Kell  ,Black Mesa,Mu,12,Standard,Mu 12 Pack Standard,Premium,614,90866,66.91,230.86,147.99,90635.14,84621.32,6013.82,343,49419,8.69,125.56,-4.95,49293.44,46022.52,3270.92
01/12/2012,Dec-12,Sam Ficke  ,Black Mesa,Theta,6,Standard,Theta 6 Pack Standard,Regular,305,31113,20.6,79.04,102.01,31033.96,28974.66,2059.3,126,12752,2.96,32.39,-0.57,12719.61,11875.96,843.65
01/12/2012,Dec-12,Robbie Goul  ,Black Mesa,Theta,8,Standard,Theta 8 Pack Standard,Regular,4679,344647,97.49,875.61,73.66,343771.39,320960.22,22811.17,1872,132030,-1.1,335.44,-2.09,131694.56,122956.37,8738.19
01/12/2012,Dec-12,Larry Johnso  ,Black Mesa,Theta,12,Deluxe,Theta 12 Pack Deluxe,Regular,1894,155006,81.5,393.81,81.84,154612.19,144353.09,10259.1,1414,114224,9.69,290.2,-3.12,113933.8,106373.96,7559.84
01/12/2012,Dec-12,Collin Wagne  ,Black Mesa,Theta,12,Giftset,Theta 12 Pack Giftset,Regular,4281,368994,99.39,937.47,86.19,368056.53,343633.7,24422.83,2374,191488,0.85,486.5,-6.89,191001.5,178326.99,12674.51
01/12/2012,Dec-12,Evan Royste  ,Black Mesa,Theta,12,Standard,Theta 12 Pack Standard,Regular,10676,768425,99.98,1952.26,71.98,766472.74,715612.35,50860.39,2739,186789,0.47,474.55,-1.3,186314.45,173950.77,12363.68
01/12/2012,Dec-12,Saquon Barkle  ,Black Mesa,Theta,18,Standard,Theta 18 Pack Standard,Regular,69711,4120384,99.64,10468.26,59.11,4109915.74,3837197.08,272718.66,52055,2986989,-0.31,7588.75,-5.08,2979400.25,2781698.09,197702.16
01/12/2012,Dec-12,Tony Hun  ,LexCorp,Gamma,12,Standard,Gamma 12 Pack Standard,Budget,2547,158784,99.21,403.41,62.34,158380.59,147871.06,10509.53,125,10540,1.29,26.78,1.13,10513.22,9815.79,697.43
01/12/2012,Dec-12,Tyler Davi  ,MomCorp,Alpha,12,Standard,Alpha 12 Pack Standard,Regular,1537,128728,70.09,327.05,83.75,128400.95,119880.38,8520.57,563,45857,-1.67,116.51,-1.33,45740.49,42705.14,3035.35
01/12/2012,Dec-12,Michael Robinso  ,MomCorp,Alpha,18,Standard,Alpha 18 Pack Standard,Regular,2521,191567,95.73,486.7,75.99,191080.3,178401.32,12678.98,321,27490,0.41,69.84,1.41,27420.16,25601.41,1818.75
01/12/2012,Dec-12,Deon Butle  ,Rekall,Beta,8,Standard,Beta 8 Pack Standard,Premium,1839,218055,97.78,553.99,118.57,217501.01,203068.48,14432.53,669,79398,0.37,201.72,0.06,79196.28,73941.12,5255.16
01/12/2012,Dec-12,Derrick William  ,Rekall,Beta,12,Deluxe,Beta 12 Pack Deluxe,Premium,1241,141427,82.09,359.31,113.96,141067.69,131707.16,9360.53,688,78391,13.12,199.16,-0.03,78191.84,73003.51,5188.33
01/12/2012,Dec-12,Daryll Clar  ,Rekall,Beta,12,Giftset,Beta 12 Pack Giftset,Premium,6796,786737,99.43,1998.79,115.76,784738.21,732666.36,52071.85,4294,490375,2.32,1245.85,-2.69,489129.15,456673.16,32455.99
01/12/2012,Dec-12,Zach Zwina  ,Rekall,Beta,12,Standard,Beta 12 Pack Standard,Premium,8007,823151,99.93,2091.3,102.8,821059.7,766577.13,54482.57,1427,153240,0.02,389.32,0.99,152850.68,142708.09,10142.59
01/12/2012,Dec-12,Eric McCo,Rekall,Beta,18,Standard,Beta 18 Pack Standard,Premium,17705,1542020,98.23,3917.66,87.1,1538102.34,1436040.12,102062.22,10228,868979,1.66,2207.73,-2.91,866771.27,809256.01,57515.26
01/12/2012,Dec-12,Chris Godwi  ,Rekall,Beta,60,Standard,Beta 60 Pack Standard,Premium,974,103201,50.46,262.19,105.96,102938.81,96108.37,6830.44,382,42390,7.98,107.7,3.24,42282.3,39477.17,2805.13
01/12/2012,Dec-12,Derek Moy  ,Stark Ind,Omega,12,Standard,Omega 12 Pack Standard,Budget,625,39725,36.61,100.93,63.56,39624.07,36994.58,2629.49,245,15871,-1.41,40.33,0.79,15830.67,14780.39,1050.28
01/12/2012,Dec-12,Bill Belto  ,Tyrell Corp,Kappa,8,Standard,Kappa 8 Pack Standard,Regular,1416,108079,64.3,274.58,76.33,107804.42,100651.12,7153.3,425,32565,0.79,82.73,0.13,32482.27,30326.87,2155.4
01/12/2012,Dec-12,Austin Scot  ,Tyrell Corp,Kappa,12,Standard,Kappa 12 Pack Standard,Regular,5180,355197,99.33,902.41,68.57,354294.59,330784.96,23509.63,2874,187428,0.59,476.18,-4.18,186951.82,174546.42,12405.4
01/12/2012,Dec-12,Allen Robinso  ,Tyrell Corp,Kappa,18,Standard,Kappa 18 Pack Standard,Regular,11113,697498,99.07,1772.06,62.76,695725.94,649560.41,46165.53,1348,89144,0.71,226.47,0.46,88917.53,83017.11,5900.42
01/12/2012,Dec-12,Stephfon Gree  ,Wayne Ent,Pi,12,Giftset,Pi 12 Pack Giftset,Regular,1380,108170,74.75,274.82,78.38,107895.18,100735.48,7159.7,622,48739,-3.19,123.83,-0.03,48615.17,45389.44,3225.73
01/12/2012,Dec-12,Jordan Norwoo  ,Aperture,Delta,12,Standard,Delta 12 Pack Standard,Budget,808,48600,20.13,123.47,60.15,48476.53,45259.81,3216.72,23,2091,1.33,5.31,0.9,2085.69,1947.29,138.4
01/12/2012,Dec-12,Zack Mill  ,Aperture,Eta,12,Standard,Eta 12 Pack Standard,Budget,709,31264,4.11,79.43,44.1,31184.57,29115.47,2069.1,-97,-4289,0,-10.89,-0.01,-4278.11,-3994.04,-284.07
01/12/2012,Dec-12,Rodney Kinla  ,Aperture,Omicron,8,Standard,Omicron 8 Pack Standard,Regular,32105,2204656,46.36,5601.16,68.67,2199054.84,2053133.6,145921.24,-3221,-262911,-8.57,-667.95,-1.18,-262243.05,-244841.61,-17401.44
01/12/2012,Dec-12,Jesse Jame  ,Aperture,Omicron,12,Deluxe,Omicron 12 Pack Deluxe,Regular,519,49345,10.91,125.36,95.08,49219.64,45953.24,3266.4,197,18693,2.35,47.49,-0.11,18645.51,17407.71,1237.8
01/12/2012,Dec-12,Tony Johnso  ,Aperture,Omicron,12,Giftset,Omicron 12 Pack Giftset,Regular,6115,532679,39.27,1353.33,87.11,531325.67,496069.3,35256.37,2461,212548,2.32,540.01,-0.5,212007.99,197940.69,14067.3
01/12/2012,Dec-12,Ryan Primant,Aperture,Omicron,12,Standard,Omicron 12 Pack Standard,Regular,5464,400160,24.37,1016.65,73.24,399143.35,372657.54,26485.81,1235,84693,0.85,215.18,-1.36,84477.82,78872.2,5605.62
01/12/2012,Dec-12,Anthony Fer  ,Aperture,Omicron,18,Standard,Omicron 18 Pack Standard,Regular,94757,5577970,74.64,14171.41,58.87,5563798.59,5194605.83,369192.76,65193,3795458,33.15,9642.75,-1.42,3785815.25,3534602.29,251212.96
01/12/2012,Dec-12,Graham Zu  ,Aperture,Sigma,12,Giftset,Sigma 12 Pack Giftset,Premium,593,97327,14.33,247.27,164.13,97079.73,90638.08,6441.65,330,51824,2.08,131.67,-8.89,51692.33,48262.6,3429.73
01/12/2012,Dec-12,DaeSean Hamilto  ,Aperture,Sigma,12,Standard,Sigma 12 Pack Standard,Premium,1664,246175,27.86,625.43,147.94,245549.57,229255.46,16294.11,550,76112,1.26,193.37,-4.72,75918.63,70880.77,5037.86
01/12/2012,Dec-12,Silas Red  ,Aperture,Tau,12,Standard,Tau 12 Pack Standard,Regular,365,29458,13.18,74.84,80.71,29383.16,27433.03,1950.13,54,4313,0.02,10.96,-0.14,4302.04,4015.83,286.21
01/12/2012,Dec-12,Bryant Johnso  ,Black Mesa,Epsilon,12,Standard,Epsilon 12 Pack Standard,Budget,557,30431,6.77,77.32,54.63,30353.68,28339.9,2013.78,37,2278,1.51,5.79,0.49,2272.21,2121.62,150.59
01/12/2012,Dec-12,Michael Zordic  ,Black Mesa,Iota,12,Giftset,Iota 12 Pack Giftset,Regular,505,50380,14,127.99,99.76,50252.01,46917.1,3334.91,193,19161,0.96,48.68,-0.3,19112.32,17844.1,1268.22
01/12/2012,Dec-12,Joey Juliu  ,Black Mesa,Iota,12,Standard,Iota 12 Pack Standard,Regular,1458,134738,30.3,342.32,92.41,134395.68,125478.07,8917.61,358,32658,1.1,82.98,-0.39,32575.02,30413.47,2161.55
01/12/2012,Dec-12,Geno Lewi  ,Black Mesa,Lambda,8,Standard,Lambda 8 Pack Standard,Budget,946,60466,18.45,153.62,63.92,60312.38,56310.47,4001.91,-325,-19276,2.07,-48.97,1.18,-19227.03,-17950.82,-1276.21
01/12/2012,Dec-12,Andrew Quarles  ,Black Mesa,Lambda,12,Standard,Lambda 12 Pack Standard,Budget,3500,204598,32.45,519.8,58.46,204078.2,190536.53,13541.67,562,32422,-0.42,82.37,-0.14,32339.63,30193.87,2145.76
01/12/2012,Dec-12,Christian Hackenber  ,Black Mesa,Mu,12,Standard,Mu 12 Pack Standard,Premium,946,151789,20.94,385.63,160.45,151403.37,141356.45,10046.92,269,39981,2.07,101.57,-4.7,39879.43,37233.18,2646.25
01/12/2012,Dec-12,Chaz Powel  ,Black Mesa,Theta,6,Standard,Theta 6 Pack Standard,Regular,319,32937,6.87,83.68,103.25,32853.32,30673.3,2180.02,80,8117,0.62,20.62,-0.6,8096.38,7558.95,537.43
01/12/2012,Dec-12,Trace McSorle  ,Black Mesa,Theta,8,Standard,Theta 8 Pack Standard,Regular,2681,220090,27.09,559.16,82.09,219530.84,204963.8,14567.04,216,11658,-0.1,29.62,-2.47,11628.38,10857.33,771.05
01/12/2012,Dec-12,Akeel Lync  ,Black Mesa,Theta,12,Deluxe,Theta 12 Pack Deluxe,Regular,3882,284110,22.21,721.81,73.19,283388.19,264583.26,18804.93,3740,271017,15.2,688.55,-19.01,270328.45,252389.93,17938.52
01/12/2012,Dec-12,Matt McGloi  ,Black Mesa,Theta,12,Giftset,Theta 12 Pack Giftset,Regular,2506,233914,22.78,594.28,93.34,233319.72,217837.14,15482.58,912,81999,0.09,208.32,-1.96,81790.68,76363.36,5427.32
01/12/2012,Dec-12,Brett Bracket  ,Black Mesa,Theta,12,Standard,Theta 12 Pack Standard,Regular,11830,901034,47.5,2289.17,76.17,898744.83,839107.37,59637.46,1423,101989,2.05,259.11,-0.61,101729.89,94979.1,6750.79
01/12/2012,Dec-12,Sean McHug  ,Black Mesa,Theta,18,Standard,Theta 18 Pack Standard,Regular,68455,3896305,47.08,9898.97,56.92,3886406.03,3628519.18,257886.85,55770,3049397,6.91,7747.31,-9.84,3041649.69,2839817.27,201832.42
01/12/2012,Dec-12,Mike Gesick  ,LexCorp,Gamma,12,Standard,Gamma 12 Pack Standard,Budget,805,57791,20.86,146.83,71.79,57644.17,53818.94,3825.23,-168,-10522,-1.38,-26.73,1.58,-10495.27,-9799.03,-696.24
01/12/2012,Dec-12,Andre Robinso  ,MomCorp,Alpha,12,Standard,Alpha 12 Pack Standard,Regular,4026,307918,35.98,782.3,76.48,307135.7,286755.54,20380.16,3092,220954,16.21,561.36,-16.63,220392.64,205768.42,14624.22
01/12/2012,Dec-12,Rashard Case,MomCorp,Alpha,18,Standard,Alpha 18 Pack Standard,Regular,260,22211,7.63,56.43,85.43,22154.57,20684.29,1470.28,-41,-2797,-1.23,-7.1,2.35,-2789.9,-2604.96,-184.94
01/12/2012,Dec-12,Terrell Golde  ,Rekall,Beta,8,Standard,Beta 8 Pack Standard,Premium,1310,159261,16.47,404.62,121.57,158856.38,148315.28,10541.1,70,6737,0.63,17.12,-1.43,6719.88,6274.35,445.53
01/12/2012,Dec-12,Saeed Blacknal  ,Rekall,Beta,12,Deluxe,Beta 12 Pack Deluxe,Premium,413,53091,8.57,134.89,128.55,52956.11,49442.15,3513.96,276,36152,4.26,91.86,4.91,36060.14,33667.71,2392.43
01/12/2012,Dec-12,Mike Luka  ,Rekall,Beta,12,Giftset,Beta 12 Pack Giftset,Premium,2917,365333,24.44,928.17,125.24,364404.83,340224.7,24180.13,1319,163449,2.27,415.27,-1.1,163033.73,152216.01,10817.72
01/12/2012,Dec-12,Kyle Carte  ,Rekall,Beta,12,Standard,Beta 12 Pack Standard,Premium,9691,1033889,39.22,2626.7,106.69,1031262.3,962831.49,68430.81,1705,194790,-1.5,494.88,1.62,194295.12,181401.88,12893.24
01/12/2012,Dec-12,Mark Alle  ,Rekall,Beta,18,Standard,Beta 18 Pack Standard,Premium,8422,776210,33.89,1972.04,92.16,774237.96,722862.3,51375.66,5184,445398,8.63,1131.58,-10.01,444266.42,414786.6,29479.82
01/12/2012,Dec-12,Mickey Shule  ,Rekall,Beta,60,Standard,Beta 60 Pack Standard,Premium,223,28738,4.02,73.01,128.87,28664.99,26762.52,1902.47,24,3161,1.43,8.03,0.34,3152.97,2943.56,209.41
01/12/2012,Dec-12,Matt Hah  ,Stark Ind,Omega,12,Standard,Omega 12 Pack Standard,Budget,748,48223,13.49,122.51,64.47,48100.49,44908.35,3192.14,-137,-7190,-5.55,-18.27,1.86,-7171.73,-6696.22,-475.51
01/12/2012,Dec-12,Joe Suhe  ,Tyrell Corp,Kappa,8,Standard,Kappa 8 Pack Standard,Regular,11263,703847,36.56,1788.2,62.49,702058.8,655473.24,46585.56,-10565,-625137,1.02,-1588.22,1.61,-623548.78,-582171.91,-41376.87
01/12/2012,Dec-12,Matt Sennec,Tyrell Corp,Kappa,12,Standard,Kappa 12 Pack Standard,Regular,4999,377208,39,958.34,75.46,376249.66,351283.18,24966.48,1864,128842,4.93,327.34,-3.76,128514.66,119986.56,8528.1
01/12/2012,Dec-12,Brandon Felde  ,Tyrell Corp,Kappa,18,Standard,Kappa 18 Pack Standard,Regular,5330,339454,31.78,862.42,63.69,338591.58,316124.13,22467.45,-1763,-103005,-0.35,-261.69,1.31,-102743.31,-95925.65,-6817.66
01/12/2012,Dec-12,Ethan Kilme  ,Wayne Ent,Pi,12,Giftset,Pi 12 Pack Giftset,Regular,176,14269,5.97,36.25,81.07,14232.75,13288.51,944.24,4,-3,0.12,-0.01,-1.91,-2.99,-2.79,-0.2